103 ST,1,04/01/2017,8830
116 ST-COLUMBIA,1,04/01/2017,8944
125 ST,1,04/01/2017,4943
137 ST CITY COL,1,04/01/2017,8725
157 ST,1,04/01/2017,7886
18 ST,1,04/01/2017,4217
181 ST,1,04/01/2017,7886
191 ST,1,04/01/2017,4895
207 ST,1,04/01/2017,4524
215 ST,1,04/01/2017,1191
28 ST,1,04/01/2017,6165
50 ST,1,04/01/2017,11273
66 ST-LINCOLN,1,04/01/2017,12634
79 ST,1,04/01/2017,10043
86 ST,1,04/01/2017,11019
CANAL ST,1,04/01/2017,2370
CHRISTOPHER ST,1,04/01/2017,8627
DYCKMAN ST,1,04/01/2017,4778
HOUSTON ST,1,04/01/2017,4242
RECTOR ST,1,04/01/2017,4224
TWENTY THIRD ST,1,04/01/2017,2781
145 ST,3,04/01/2017,1962
HARLEM 148 ST,3,04/01/2017,2198
103 ST,6,04/01/2017,7746
110 ST,6,04/01/2017,7103
116 ST,6,04/01/2017,10370
23 ST,6,04/01/2017,10912
28 ST,6,04/01/2017,8564
33 ST,6,04/01/2017,11949
51 ST,6,04/01/2017,9102
51 ST,6,04/01/2017,9102
68ST-HUNTER CO,6,04/01/2017,8453
96 ST,6,04/01/2017,7756
ASTOR PL,6,04/01/2017,9394
SPRING ST,6,04/01/2017,7503
34 ST-HUDSON YD,7,04/01/2017,4467
116 ST,23,04/01/2017,7856
125 ST,23,04/01/2017,10480
135 ST,23,04/01/2017,8762
CENTRAL PK N110,23,04/01/2017,5683
BOWLING GREEN,45,04/01/2017,34
WALL ST,45,04/01/2017,6
72 ST,123,04/01/2017,24829
96 ST,123,04/01/2017,23583
CHAMBERS ST,123,04/01/2017,8261
125 ST,456,04/01/2017,14652
86 ST,456,04/01/2017,21203
TIMES SQ-42 ST,1237ACENQRSW,04/01/2017,44102
59 ST COLUMBUS,1ABCD,04/01/2017,7582
168 ST,1AC,04/01/2017,4882
SOUTH FERRY,1RW,04/01/2017,6156
FULTON ST,2345ACJZ,04/01/2017,18044
PARK PLACE,23ACE,04/01/2017,1325
GRD CNTRL-42 ST,4567S,04/01/2017,42823
BROOKLYN BRIDGE,456JZ,04/01/2017,8565
14 ST-UNION SQ,456LNQRW,04/01/2017,19062
59 ST,456NQRW,04/01/2017,21552
175 ST,A,04/01/2017,7473
181 ST,A,04/01/2017,6908
190 ST,A,04/01/2017,2734
DYCKMAN ST,A,04/01/2017,4340
INWOOD-207 ST,A,04/01/2017,5926
145 ST,ABCD,04/01/2017,15006
W 4 ST-WASH SQ,ABCDEFM,04/01/2017,25791
125 ST,ACBD,04/01/2017,17753
CANAL ST,ACE,04/01/2017,7075
CANAL ST,ACE,04/01/2017,7075
CHAMBERS ST,ACE23,04/01/2017,9705
14 ST,ACEL,04/01/2017,9770
42 ST-PORT AUTH,ACENQRS1237W,04/01/2017,52206
FULTON ST,ACJZ2345,04/01/2017,9195
103 ST,BC,04/01/2017,2571
116 ST,BC,04/01/2017,4220
135 ST,BC,04/01/2017,2683
72 ST,BC,04/01/2017,4695
81 ST-MUSEUM,BC,04/01/2017,8856
86 ST,BC,04/01/2017,4183
96 ST,BC,04/01/2017,3662
CATHEDRAL PKWY,BC,04/01/2017,4369
155 ST,BD,04/01/2017,2470
GRAND ST,BD,04/01/2017,3
7 AV,BDE,04/01/2017,12
47-50 STS ROCK,BDFM,04/01/2017,15617
42 ST-BRYANT PK,BDFM7,04/01/2017,11438
34 ST-HERALD SQ,BDFMNQRW,04/01/2017,57525
B'WAY-LAFAYETTE,BDFQ6,04/01/2017,10409
163 ST-AMSTERDM,C,04/01/2017,3093
23 ST,CE,04/01/2017,11307
SPRING ST,CE,04/01/2017,5084
5 AV/53 ST,EM,04/01/2017,43
57 ST,F,04/01/2017,8551
EAST BROADWAY,F,04/01/2017,8889
LEXINGTON AV/63,F,04/01/2017,11232
DELANCEY/ESSEX,FJMZ,04/01/2017,16341
14 ST,FLM123,04/01/2017,8256
14 ST,FLM123,04/01/2017,8256
6 AV,FLM123,04/01/2017,3846
23 ST,FM,04/01/2017,10329
CANAL ST,JNQRZ6W,04/01/2017,41707
BOWERY,JZ,04/01/2017,3089
BROAD ST,JZ,04/01/2017,2953
CHAMBERS ST,JZ456,04/01/2017,2665
1 AV,L,04/01/2017,13630
3 AV,L,04/01/2017,4856
49 ST,NQRW,04/01/2017,14993
5 AV/59 ST,NQRW,04/01/2017,9304
57 ST-7 AV,NQRW,04/01/2017,19165
59 ST,NRW,04/01/2017,9539
8 ST-NYU,NRW,04/01/2017,12061
PRINCE ST,NRW,04/01/2017,12741
RECTOR ST,NRW,04/01/2017,5338
72 ST-2 AVE,Q,04/01/2017,13558
86 ST-2 AVE,Q,04/01/2017,16791
96 ST-2 AVE,Q,04/01/2017,10349
WHITEHALL S-FRY,R1W,04/01/2017,10156
CORTLANDT ST,RNW,04/01/2017,13771
103 ST,1,04/02/2017,7365
116 ST-COLUMBIA,1,04/02/2017,6743
125 ST,1,04/02/2017,4412
137 ST CITY COL,1,04/02/2017,7197
157 ST,1,04/02/2017,6520
18 ST,1,04/02/2017,3573
181 ST,1,04/02/2017,6692
191 ST,1,04/02/2017,4430
207 ST,1,04/02/2017,3612
215 ST,1,04/02/2017,957
28 ST,1,04/02/2017,5124
50 ST,1,04/02/2017,11083
66 ST-LINCOLN,1,04/02/2017,9976
79 ST,1,04/02/2017,9306
86 ST,1,04/02/2017,9893
CANAL ST,1,04/02/2017,2069
CHRISTOPHER ST,1,04/02/2017,8799
DYCKMAN ST,1,04/02/2017,4200
HOUSTON ST,1,04/02/2017,3678
RECTOR ST,1,04/02/2017,4000
TWENTY THIRD ST,1,04/02/2017,2315
145 ST,3,04/02/2017,1552
HARLEM 148 ST,3,04/02/2017,1748
103 ST,6,04/02/2017,5770
110 ST,6,04/02/2017,5414
116 ST,6,04/02/2017,8180
23 ST,6,04/02/2017,7364
28 ST,6,04/02/2017,6662
33 ST,6,04/02/2017,9594
51 ST,6,04/02/2017,7217
51 ST,6,04/02/2017,7217
68ST-HUNTER CO,6,04/02/2017,6391
96 ST,6,04/02/2017,6094
ASTOR PL,6,04/02/2017,7510
SPRING ST,6,04/02/2017,6111
34 ST-HUDSON YD,7,04/02/2017,4233
116 ST,23,04/02/2017,6819
125 ST,23,04/02/2017,8815
135 ST,23,04/02/2017,7667
CENTRAL PK N110,23,04/02/2017,5011
BOWLING GREEN,45,04/02/2017,11
WALL ST,45,04/02/2017,10
72 ST,123,04/02/2017,23099
96 ST,123,04/02/2017,20346
CHAMBERS ST,123,04/02/2017,7028
125 ST,456,04/02/2017,11400
86 ST,456,04/02/2017,15905
TIMES SQ-42 ST,1237ACENQRSW,04/02/2017,39892
59 ST COLUMBUS,1ABCD,04/02/2017,7063
168 ST,1AC,04/02/2017,3952
SOUTH FERRY,1RW,04/02/2017,7182
FULTON ST,2345ACJZ,04/02/2017,16324
PARK PLACE,23ACE,04/02/2017,1278
GRD CNTRL-42 ST,4567S,04/02/2017,36148
BROOKLYN BRIDGE,456JZ,04/02/2017,8662
14 ST-UNION SQ,456LNQRW,04/02/2017,15981
59 ST,456NQRW,04/02/2017,15075
175 ST,A,04/02/2017,6256
181 ST,A,04/02/2017,5752
190 ST,A,04/02/2017,2593
DYCKMAN ST,A,04/02/2017,3679
INWOOD-207 ST,A,04/02/2017,4410
145 ST,ABCD,04/02/2017,11997
W 4 ST-WASH SQ,ABCDEFM,04/02/2017,22887
125 ST,ACBD,04/02/2017,14953
CANAL ST,ACE,04/02/2017,5850
CANAL ST,ACE,04/02/2017,5850
CHAMBERS ST,ACE23,04/02/2017,7992
14 ST,ACEL,04/02/2017,7893
42 ST-PORT AUTH,ACENQRS1237W,04/02/2017,44512
FULTON ST,ACJZ2345,04/02/2017,7597
103 ST,BC,04/02/2017,2246
116 ST,BC,04/02/2017,3545
135 ST,BC,04/02/2017,2165
72 ST,BC,04/02/2017,5426
81 ST-MUSEUM,BC,04/02/2017,7481
86 ST,BC,04/02/2017,4059
96 ST,BC,04/02/2017,3576
CATHEDRAL PKWY,BC,04/02/2017,3773
155 ST,BD,04/02/2017,1853
GRAND ST,BD,04/02/2017,1
7 AV,BDE,04/02/2017,1
47-50 STS ROCK,BDFM,04/02/2017,12016
42 ST-BRYANT PK,BDFM7,04/02/2017,9287
34 ST-HERALD SQ,BDFMNQRW,04/02/2017,49461
B'WAY-LAFAYETTE,BDFQ6,04/02/2017,7793
163 ST-AMSTERDM,C,04/02/2017,2509
23 ST,CE,04/02/2017,8993
SPRING ST,CE,04/02/2017,4136
5 AV/53 ST,EM,04/02/2017,0
57 ST,F,04/02/2017,7550
EAST BROADWAY,F,04/02/2017,8128
LEXINGTON AV/63,F,04/02/2017,9059
DELANCEY/ESSEX,FJMZ,04/02/2017,14707
14 ST,FLM123,04/02/2017,7127
14 ST,FLM123,04/02/2017,7127
6 AV,FLM123,04/02/2017,3028
23 ST,FM,04/02/2017,8141
CANAL ST,JNQRZ6W,04/02/2017,36997
BOWERY,JZ,04/02/2017,3061
BROAD ST,JZ,04/02/2017,2405
CHAMBERS ST,JZ456,04/02/2017,2259
1 AV,L,04/02/2017,12219
3 AV,L,04/02/2017,4304
49 ST,NQRW,04/02/2017,13302
5 AV/59 ST,NQRW,04/02/2017,10137
57 ST-7 AV,NQRW,04/02/2017,17476
59 ST,NRW,04/02/2017,7463
8 ST-NYU,NRW,04/02/2017,10141
PRINCE ST,NRW,04/02/2017,10923
RECTOR ST,NRW,04/02/2017,4259
72 ST-2 AVE,Q,04/02/2017,10748
86 ST-2 AVE,Q,04/02/2017,12980
96 ST-2 AVE,Q,04/02/2017,8328
WHITEHALL S-FRY,R1W,04/02/2017,10014
CORTLANDT ST,RNW,04/02/2017,12114
103 ST,1,04/03/2017,11935
116 ST-COLUMBIA,1,04/03/2017,15065
125 ST,1,04/03/2017,6844
137 ST CITY COL,1,04/03/2017,14534
157 ST,1,04/03/2017,10632
18 ST,1,04/03/2017,7349
181 ST,1,04/03/2017,11494
191 ST,1,04/03/2017,8308
207 ST,1,04/03/2017,6279
215 ST,1,04/03/2017,1938
28 ST,1,04/03/2017,13882
50 ST,1,04/03/2017,20934
66 ST-LINCOLN,1,04/03/2017,20359
79 ST,1,04/03/2017,14265
86 ST,1,04/03/2017,17648
CANAL ST,1,04/03/2017,5706
CHRISTOPHER ST,1,04/03/2017,12982
DYCKMAN ST,1,04/03/2017,7139
HOUSTON ST,1,04/03/2017,14064
RECTOR ST,1,04/03/2017,9175
TWENTY THIRD ST,1,04/03/2017,33476
145 ST,3,04/03/2017,3525
HARLEM 148 ST,3,04/03/2017,3942
103 ST,6,04/03/2017,14497
110 ST,6,04/03/2017,12012
116 ST,6,04/03/2017,15858
23 ST,6,04/03/2017,29377
28 ST,6,04/03/2017,21090
33 ST,6,04/03/2017,28244
51 ST,6,04/03/2017,18597
51 ST,6,04/03/2017,18597
68ST-HUNTER CO,6,04/03/2017,25238
96 ST,6,04/03/2017,19237
ASTOR PL,6,04/03/2017,14269
SPRING ST,6,04/03/2017,8790
34 ST-HUDSON YD,7,04/03/2017,8660
116 ST,23,04/03/2017,11346
125 ST,23,04/03/2017,14815
135 ST,23,04/03/2017,14283
CENTRAL PK N110,23,04/03/2017,8813
BOWLING GREEN,45,04/03/2017,31017
WALL ST,45,04/03/2017,20758
72 ST,123,04/03/2017,35923
96 ST,123,04/03/2017,35888
CHAMBERS ST,123,04/03/2017,22123
125 ST,456,04/03/2017,29119
86 ST,456,04/03/2017,41257
TIMES SQ-42 ST,1237ACENQRSW,04/03/2017,67764
59 ST COLUMBUS,1ABCD,04/03/2017,13041
168 ST,1AC,04/03/2017,12361
SOUTH FERRY,1RW,04/03/2017,14517
FULTON ST,2345ACJZ,04/03/2017,61842
PARK PLACE,23ACE,04/03/2017,3479
GRD CNTRL-42 ST,4567S,04/03/2017,143957
BROOKLYN BRIDGE,456JZ,04/03/2017,20051
14 ST-UNION SQ,456LNQRW,04/03/2017,28355
59 ST,456NQRW,04/03/2017,38692
175 ST,A,04/03/2017,12907
181 ST,A,04/03/2017,11144
190 ST,A,04/03/2017,4592
DYCKMAN ST,A,04/03/2017,6681
INWOOD-207 ST,A,04/03/2017,9503
145 ST,ABCD,04/03/2017,23605
W 4 ST-WASH SQ,ABCDEFM,04/03/2017,34819
125 ST,ACBD,04/03/2017,27077
CANAL ST,ACE,04/03/2017,16684
CANAL ST,ACE,04/03/2017,16684
CHAMBERS ST,ACE23,04/03/2017,31771
14 ST,ACEL,04/03/2017,18575
42 ST-PORT AUTH,ACENQRS1237W,04/03/2017,93531
FULTON ST,ACJZ2345,04/03/2017,29046
103 ST,BC,04/03/2017,4656
116 ST,BC,04/03/2017,7054
135 ST,BC,04/03/2017,5856
72 ST,BC,04/03/2017,7982
81 ST-MUSEUM,BC,04/03/2017,11211
86 ST,BC,04/03/2017,10315
96 ST,BC,04/03/2017,9473
CATHEDRAL PKWY,BC,04/03/2017,7327
155 ST,BD,04/03/2017,3773
GRAND ST,BD,04/03/2017,22499
7 AV,BDE,04/03/2017,14741
47-50 STS ROCK,BDFM,04/03/2017,51992
42 ST-BRYANT PK,BDFM7,04/03/2017,36281
34 ST-HERALD SQ,BDFMNQRW,04/03/2017,111247
B'WAY-LAFAYETTE,BDFQ6,04/03/2017,18575
163 ST-AMSTERDM,C,04/03/2017,4423
23 ST,CE,04/03/2017,20495
SPRING ST,CE,04/03/2017,10779
5 AV/53 ST,EM,04/03/2017,23587
57 ST,F,04/03/2017,13014
EAST BROADWAY,F,04/03/2017,13821
LEXINGTON AV/63,F,04/03/2017,18421
DELANCEY/ESSEX,FJMZ,04/03/2017,23405
14 ST,FLM123,04/03/2017,15813
14 ST,FLM123,04/03/2017,15813
6 AV,FLM123,04/03/2017,5246
23 ST,FM,04/03/2017,27281
CANAL ST,JNQRZ6W,04/03/2017,43729
BOWERY,JZ,04/03/2017,3023
BROAD ST,JZ,04/03/2017,7603
CHAMBERS ST,JZ456,04/03/2017,10933
1 AV,L,04/03/2017,18687
3 AV,L,04/03/2017,5134
49 ST,NQRW,04/03/2017,21236
5 AV/59 ST,NQRW,04/03/2017,15811
57 ST-7 AV,NQRW,04/03/2017,29023
59 ST,NRW,04/03/2017,17533
8 ST-NYU,NRW,04/03/2017,13993
PRINCE ST,NRW,04/03/2017,11530
RECTOR ST,NRW,04/03/2017,6655
72 ST-2 AVE,Q,04/03/2017,25307
86 ST-2 AVE,Q,04/03/2017,21213
96 ST-2 AVE,Q,04/03/2017,15558
WHITEHALL S-FRY,R1W,04/03/2017,17629
CORTLANDT ST,RNW,04/03/2017,18028
103 ST,1,04/04/2017,13383
116 ST-COLUMBIA,1,04/04/2017,15955
125 ST,1,04/04/2017,6763
137 ST CITY COL,1,04/04/2017,14922
157 ST,1,04/04/2017,10494
18 ST,1,04/04/2017,7854
181 ST,1,04/04/2017,11248
191 ST,1,04/04/2017,8487
207 ST,1,04/04/2017,6161
215 ST,1,04/04/2017,1950
28 ST,1,04/04/2017,14282
50 ST,1,04/04/2017,21173
66 ST-LINCOLN,1,04/04/2017,22104
79 ST,1,04/04/2017,15291
86 ST,1,04/04/2017,18283
CANAL ST,1,04/04/2017,5725
CHRISTOPHER ST,1,04/04/2017,12167
DYCKMAN ST,1,04/04/2017,6832
HOUSTON ST,1,04/04/2017,14773
RECTOR ST,1,04/04/2017,9553
TWENTY THIRD ST,1,04/04/2017,10511
145 ST,3,04/04/2017,3412
HARLEM 148 ST,3,04/04/2017,3994
103 ST,6,04/04/2017,14286
110 ST,6,04/04/2017,11617
116 ST,6,04/04/2017,16038
23 ST,6,04/04/2017,29616
28 ST,6,04/04/2017,22347
33 ST,6,04/04/2017,28989
51 ST,6,04/04/2017,19401
51 ST,6,04/04/2017,19401
68ST-HUNTER CO,6,04/04/2017,26657
96 ST,6,04/04/2017,19757
ASTOR PL,6,04/04/2017,14924
SPRING ST,6,04/04/2017,8850
34 ST-HUDSON YD,7,04/04/2017,8045
116 ST,23,04/04/2017,11224
125 ST,23,04/04/2017,14504
135 ST,23,04/04/2017,14336
CENTRAL PK N110,23,04/04/2017,8756
BOWLING GREEN,45,04/04/2017,29535
WALL ST,45,04/04/2017,21414
72 ST,123,04/04/2017,36513
96 ST,123,04/04/2017,36722
CHAMBERS ST,123,04/04/2017,22232
125 ST,456,04/04/2017,27808
86 ST,456,04/04/2017,43602
TIMES SQ-42 ST,1237ACENQRSW,04/04/2017,67292
59 ST COLUMBUS,1ABCD,04/04/2017,13265
168 ST,1AC,04/04/2017,13019
SOUTH FERRY,1RW,04/04/2017,13539
FULTON ST,2345ACJZ,04/04/2017,64071
PARK PLACE,23ACE,04/04/2017,3436
GRD CNTRL-42 ST,4567S,04/04/2017,150653
BROOKLYN BRIDGE,456JZ,04/04/2017,19644
14 ST-UNION SQ,456LNQRW,04/04/2017,28515
59 ST,456NQRW,04/04/2017,38812
175 ST,A,04/04/2017,12729
181 ST,A,04/04/2017,11457
190 ST,A,04/04/2017,4508
DYCKMAN ST,A,04/04/2017,6810
INWOOD-207 ST,A,04/04/2017,9464
145 ST,ABCD,04/04/2017,23502
W 4 ST-WASH SQ,ABCDEFM,04/04/2017,36080
125 ST,ACBD,04/04/2017,26239
CANAL ST,ACE,04/04/2017,17012
CANAL ST,ACE,04/04/2017,17012
CHAMBERS ST,ACE23,04/04/2017,32259
14 ST,ACEL,04/04/2017,18914
42 ST-PORT AUTH,ACENQRS1237W,04/04/2017,97946
FULTON ST,ACJZ2345,04/04/2017,28311
103 ST,BC,04/04/2017,4546
116 ST,BC,04/04/2017,7132
135 ST,BC,04/04/2017,5980
72 ST,BC,04/04/2017,7857
81 ST-MUSEUM,BC,04/04/2017,14550
86 ST,BC,04/04/2017,10828
96 ST,BC,04/04/2017,9588
CATHEDRAL PKWY,BC,04/04/2017,7141
155 ST,BD,04/04/2017,3736
GRAND ST,BD,04/04/2017,20571
7 AV,BDE,04/04/2017,15841
47-50 STS ROCK,BDFM,04/04/2017,54029
42 ST-BRYANT PK,BDFM7,04/04/2017,36808
34 ST-HERALD SQ,BDFMNQRW,04/04/2017,108925
B'WAY-LAFAYETTE,BDFQ6,04/04/2017,18920
163 ST-AMSTERDM,C,04/04/2017,4505
23 ST,CE,04/04/2017,21309
SPRING ST,CE,04/04/2017,11241
5 AV/53 ST,EM,04/04/2017,25799
57 ST,F,04/04/2017,13486
EAST BROADWAY,F,04/04/2017,13482
LEXINGTON AV/63,F,04/04/2017,18839
DELANCEY/ESSEX,FJMZ,04/04/2017,23682
14 ST,FLM123,04/04/2017,15820
14 ST,FLM123,04/04/2017,15820
6 AV,FLM123,04/04/2017,5052
23 ST,FM,04/04/2017,27763
CANAL ST,JNQRZ6W,04/04/2017,41807
BOWERY,JZ,04/04/2017,2866
BROAD ST,JZ,04/04/2017,7391
CHAMBERS ST,JZ456,04/04/2017,11732
1 AV,L,04/04/2017,19266
3 AV,L,04/04/2017,5382
49 ST,NQRW,04/04/2017,21550
5 AV/59 ST,NQRW,04/04/2017,15582
57 ST-7 AV,NQRW,04/04/2017,30213
59 ST,NRW,04/04/2017,17179
8 ST-NYU,NRW,04/04/2017,14682
PRINCE ST,NRW,04/04/2017,11258
RECTOR ST,NRW,04/04/2017,6602
72 ST-2 AVE,Q,04/04/2017,27270
86 ST-2 AVE,Q,04/04/2017,22600
96 ST-2 AVE,Q,04/04/2017,16410
WHITEHALL S-FRY,R1W,04/04/2017,16623
CORTLANDT ST,RNW,04/04/2017,18830
103 ST,1,04/05/2017,12746
116 ST-COLUMBIA,1,04/05/2017,16214
125 ST,1,04/05/2017,7172
137 ST CITY COL,1,04/05/2017,15335
157 ST,1,04/05/2017,10787
18 ST,1,04/05/2017,7954
181 ST,1,04/05/2017,11936
191 ST,1,04/05/2017,8509
207 ST,1,04/05/2017,6633
215 ST,1,04/05/2017,2135
28 ST,1,04/05/2017,14314
50 ST,1,04/05/2017,21780
66 ST-LINCOLN,1,04/05/2017,21359
79 ST,1,04/05/2017,15326
86 ST,1,04/05/2017,18793
CANAL ST,1,04/05/2017,5856
CHRISTOPHER ST,1,04/05/2017,13360
DYCKMAN ST,1,04/05/2017,7106
HOUSTON ST,1,04/05/2017,15127
RECTOR ST,1,04/05/2017,9589
TWENTY THIRD ST,1,04/05/2017,9907
145 ST,3,04/05/2017,3619
HARLEM 148 ST,3,04/05/2017,3995
103 ST,6,04/05/2017,15067
110 ST,6,04/05/2017,11928
116 ST,6,04/05/2017,16206
23 ST,6,04/05/2017,30052
28 ST,6,04/05/2017,22354
33 ST,6,04/05/2017,29676
51 ST,6,04/05/2017,19519
51 ST,6,04/05/2017,19519
68ST-HUNTER CO,6,04/05/2017,24402
96 ST,6,04/05/2017,19833
ASTOR PL,6,04/05/2017,15464
SPRING ST,6,04/05/2017,9225
34 ST-HUDSON YD,7,04/05/2017,8866
116 ST,23,04/05/2017,11776
125 ST,23,04/05/2017,15651
135 ST,23,04/05/2017,14873
CENTRAL PK N110,23,04/05/2017,9340
BOWLING GREEN,45,04/05/2017,31714
WALL ST,45,04/05/2017,21643
72 ST,123,04/05/2017,37867
96 ST,123,04/05/2017,37865
CHAMBERS ST,123,04/05/2017,22860
125 ST,456,04/05/2017,29492
86 ST,456,04/05/2017,44267
TIMES SQ-42 ST,1237ACENQRSW,04/05/2017,73461
59 ST COLUMBUS,1ABCD,04/05/2017,14292
168 ST,1AC,04/05/2017,12980
SOUTH FERRY,1RW,04/05/2017,15658
FULTON ST,2345ACJZ,04/05/2017,62689
PARK PLACE,23ACE,04/05/2017,3802
GRD CNTRL-42 ST,4567S,04/05/2017,148748
BROOKLYN BRIDGE,456JZ,04/05/2017,22290
14 ST-UNION SQ,456LNQRW,04/05/2017,29549
59 ST,456NQRW,04/05/2017,41052
175 ST,A,04/05/2017,13334
181 ST,A,04/05/2017,11792
190 ST,A,04/05/2017,4934
DYCKMAN ST,A,04/05/2017,7155
INWOOD-207 ST,A,04/05/2017,9943
145 ST,ABCD,04/05/2017,24774
W 4 ST-WASH SQ,ABCDEFM,04/05/2017,38260
125 ST,ACBD,04/05/2017,28234
CANAL ST,ACE,04/05/2017,17494
CANAL ST,ACE,04/05/2017,17494
CHAMBERS ST,ACE23,04/05/2017,32644
14 ST,ACEL,04/05/2017,19084
42 ST-PORT AUTH,ACENQRS1237W,04/05/2017,97568
FULTON ST,ACJZ2345,04/05/2017,30552
103 ST,BC,04/05/2017,4779
116 ST,BC,04/05/2017,7400
135 ST,BC,04/05/2017,6147
72 ST,BC,04/05/2017,8870
81 ST-MUSEUM,BC,04/05/2017,12199
86 ST,BC,04/05/2017,11300
96 ST,BC,04/05/2017,10051
CATHEDRAL PKWY,BC,04/05/2017,7660
155 ST,BD,04/05/2017,4024
GRAND ST,BD,04/05/2017,22738
7 AV,BDE,04/05/2017,15520
47-50 STS ROCK,BDFM,04/05/2017,55280
42 ST-BRYANT PK,BDFM7,04/05/2017,39035
34 ST-HERALD SQ,BDFMNQRW,04/05/2017,116119
B'WAY-LAFAYETTE,BDFQ6,04/05/2017,20207
163 ST-AMSTERDM,C,04/05/2017,4634
23 ST,CE,04/05/2017,22288
SPRING ST,CE,04/05/2017,11300
5 AV/53 ST,EM,04/05/2017,25463
57 ST,F,04/05/2017,14392
EAST BROADWAY,F,04/05/2017,13735
LEXINGTON AV/63,F,04/05/2017,19371
DELANCEY/ESSEX,FJMZ,04/05/2017,24716
14 ST,FLM123,04/05/2017,16775
14 ST,FLM123,04/05/2017,16775
6 AV,FLM123,04/05/2017,5298
23 ST,FM,04/05/2017,28421
CANAL ST,JNQRZ6W,04/05/2017,45356
BOWERY,JZ,04/05/2017,3122
BROAD ST,JZ,04/05/2017,7511
CHAMBERS ST,JZ456,04/05/2017,11484
1 AV,L,04/05/2017,19354
3 AV,L,04/05/2017,5337
49 ST,NQRW,04/05/2017,22734
5 AV/59 ST,NQRW,04/05/2017,17078
57 ST-7 AV,NQRW,04/05/2017,31610
59 ST,NRW,04/05/2017,17663
8 ST-NYU,NRW,04/05/2017,15326
PRINCE ST,NRW,04/05/2017,12579
RECTOR ST,NRW,04/05/2017,7091
72 ST-2 AVE,Q,04/05/2017,27622
86 ST-2 AVE,Q,04/05/2017,23240
96 ST-2 AVE,Q,04/05/2017,17059
WHITEHALL S-FRY,R1W,04/05/2017,19122
CORTLANDT ST,RNW,04/05/2017,19045
103 ST,1,04/06/2017,13128
116 ST-COLUMBIA,1,04/06/2017,16219
125 ST,1,04/06/2017,6794
137 ST CITY COL,1,04/06/2017,14683
157 ST,1,04/06/2017,10408
18 ST,1,04/06/2017,8009
181 ST,1,04/06/2017,10849
191 ST,1,04/06/2017,8361
207 ST,1,04/06/2017,6008
215 ST,1,04/06/2017,1931
28 ST,1,04/06/2017,14848
50 ST,1,04/06/2017,21701
66 ST-LINCOLN,1,04/06/2017,23794
79 ST,1,04/06/2017,15642
86 ST,1,04/06/2017,18647
CANAL ST,1,04/06/2017,6033
CHRISTOPHER ST,1,04/06/2017,13109
DYCKMAN ST,1,04/06/2017,6663
HOUSTON ST,1,04/06/2017,15163
RECTOR ST,1,04/06/2017,9174
TWENTY THIRD ST,1,04/06/2017,10179
145 ST,3,04/06/2017,3430
HARLEM 148 ST,3,04/06/2017,3936
103 ST,6,04/06/2017,14608
110 ST,6,04/06/2017,11533
116 ST,6,04/06/2017,15492
23 ST,6,04/06/2017,30241
28 ST,6,04/06/2017,23267
33 ST,6,04/06/2017,30288
51 ST,6,04/06/2017,20004
51 ST,6,04/06/2017,20004
68ST-HUNTER CO,6,04/06/2017,26624
96 ST,6,04/06/2017,19658
ASTOR PL,6,04/06/2017,15187
SPRING ST,6,04/06/2017,8875
34 ST-HUDSON YD,7,04/06/2017,8434
116 ST,23,04/06/2017,11007
125 ST,23,04/06/2017,14079
135 ST,23,04/06/2017,14184
CENTRAL PK N110,23,04/06/2017,8727
BOWLING GREEN,45,04/06/2017,29407
WALL ST,45,04/06/2017,2016974
72 ST,123,04/06/2017,35653
96 ST,123,04/06/2017,35433
CHAMBERS ST,123,04/06/2017,21758
125 ST,456,04/06/2017,27009
86 ST,456,04/06/2017,42890
TIMES SQ-42 ST,1237ACENQRSW,04/06/2017,66731491
59 ST COLUMBUS,1ABCD,04/06/2017,14080
168 ST,1AC,04/06/2017,12589
SOUTH FERRY,1RW,04/06/2017,13741
FULTON ST,2345ACJZ,04/06/2017,64445
PARK PLACE,23ACE,04/06/2017,3250
GRD CNTRL-42 ST,4567S,04/06/2017,159102
BROOKLYN BRIDGE,456JZ,04/06/2017,18533
14 ST-UNION SQ,456LNQRW,04/06/2017,27669
59 ST,456NQRW,04/06/2017,39107
175 ST,A,04/06/2017,12644
181 ST,A,04/06/2017,11279
190 ST,A,04/06/2017,4499
DYCKMAN ST,A,04/06/2017,6756
INWOOD-207 ST,A,04/06/2017,9358
145 ST,ABCD,04/06/2017,23091
W 4 ST-WASH SQ,ABCDEFM,04/06/2017,35337
125 ST,ACBD,04/06/2017,25908
CANAL ST,ACE,04/06/2017,17104
CANAL ST,ACE,04/06/2017,17104
CHAMBERS ST,ACE23,04/06/2017,31216
14 ST,ACEL,04/06/2017,20051
42 ST-PORT AUTH,ACENQRS1237W,04/06/2017,103673
FULTON ST,ACJZ2345,04/06/2017,27051
103 ST,BC,04/06/2017,4632
116 ST,BC,04/06/2017,7110
135 ST,BC,04/06/2017,5926
72 ST,BC,04/06/2017,7981
81 ST-MUSEUM,BC,04/06/2017,16966
86 ST,BC,04/06/2017,10738
96 ST,BC,04/06/2017,9495
CATHEDRAL PKWY,BC,04/06/2017,7081
155 ST,BD,04/06/2017,3734
GRAND ST,BD,04/06/2017,19666
7 AV,BDE,04/06/2017,17060
47-50 STS ROCK,BDFM,04/06/2017,58008
42 ST-BRYANT PK,BDFM7,04/06/2017,37830
34 ST-HERALD SQ,BDFMNQRW,04/06/2017,113812
B'WAY-LAFAYETTE,BDFQ6,04/06/2017,19044
163 ST-AMSTERDM,C,04/06/2017,4612
23 ST,CE,04/06/2017,22190
SPRING ST,CE,04/06/2017,11384
5 AV/53 ST,EM,04/06/2017,28332
57 ST,F,04/06/2017,13876
EAST BROADWAY,F,04/06/2017,13321
LEXINGTON AV/63,F,04/06/2017,18605
DELANCEY/ESSEX,FJMZ,04/06/2017,23896
14 ST,FLM123,04/06/2017,16185
14 ST,FLM123,04/06/2017,16185
6 AV,FLM123,04/06/2017,5386
23 ST,FM,04/06/2017,27240
CANAL ST,JNQRZ6W,04/06/2017,40095
BOWERY,JZ,04/06/2017,2794
BROAD ST,JZ,04/06/2017,7349
CHAMBERS ST,JZ456,04/06/2017,11571
1 AV,L,04/06/2017,20092
3 AV,L,04/06/2017,5412
49 ST,NQRW,04/06/2017,22375
5 AV/59 ST,NQRW,04/06/2017,15933
57 ST-7 AV,NQRW,04/06/2017,30255
59 ST,NRW,04/06/2017,16660
8 ST-NYU,NRW,04/06/2017,15231
PRINCE ST,NRW,04/06/2017,11143
RECTOR ST,NRW,04/06/2017,6550
72 ST-2 AVE,Q,04/06/2017,27826
86 ST-2 AVE,Q,04/06/2017,23108
96 ST-2 AVE,Q,04/06/2017,16641
WHITEHALL S-FRY,R1W,04/06/2017,17054
CORTLANDT ST,RNW,04/06/2017,18123
103 ST,1,04/07/2017,13544428
116 ST-COLUMBIA,1,04/07/2017,16910
125 ST,1,04/07/2017,7263
137 ST CITY COL,1,04/07/2017,14128
157 ST,1,04/07/2017,11015
18 ST,1,04/07/2017,8142
181 ST,1,04/07/2017,11526
191 ST,1,04/07/2017,8311
207 ST,1,04/07/2017,6498
215 ST,1,04/07/2017,1949
28 ST,1,04/07/2017,14359
50 ST,1,04/07/2017,22466
66 ST-LINCOLN,1,04/07/2017,22219
79 ST,1,04/07/2017,15769
86 ST,1,04/07/2017,18566
CANAL ST,1,04/07/2017,5887
CHRISTOPHER ST,1,04/07/2017,12899
DYCKMAN ST,1,04/07/2017,7092
HOUSTON ST,1,04/07/2017,14668
RECTOR ST,1,04/07/2017,9379
TWENTY THIRD ST,1,04/07/2017,8822
145 ST,3,04/07/2017,3606
HARLEM 148 ST,3,04/07/2017,4021
103 ST,6,04/07/2017,14884
110 ST,6,04/07/2017,12312
116 ST,6,04/07/2017,16372
23 ST,6,04/07/2017,25474
28 ST,6,04/07/2017,21683
33 ST,6,04/07/2017,28781
51 ST,6,04/07/2017,20376
51 ST,6,04/07/2017,20376
68ST-HUNTER CO,6,04/07/2017,24856
96 ST,6,04/07/2017,19022
ASTOR PL,6,04/07/2017,15835
SPRING ST,6,04/07/2017,10407
34 ST-HUDSON YD,7,04/07/2017,8611
116 ST,23,04/07/2017,11571
125 ST,23,04/07/2017,15354
135 ST,23,04/07/2017,14690
CENTRAL PK N110,23,04/07/2017,9111
BOWLING GREEN,45,04/07/2017,29404
WALL ST,45,04/07/2017,18709
72 ST,123,04/07/2017,37035
96 ST,123,04/07/2017,36552
CHAMBERS ST,123,04/07/2017,20772
125 ST,456,04/07/2017,28365
86 ST,456,04/07/2017,44578
TIMES SQ-42 ST,1237ACENQRSW,04/07/2017,71893
59 ST COLUMBUS,1ABCD,04/07/2017,13302
168 ST,1AC,04/07/2017,12419
SOUTH FERRY,1RW,04/07/2017,13788
FULTON ST,2345ACJZ,04/07/2017,60363
PARK PLACE,23ACE,04/07/2017,3371
GRD CNTRL-42 ST,4567S,04/07/2017,144255
BROOKLYN BRIDGE,456JZ,04/07/2017,19050
14 ST-UNION SQ,456LNQRW,04/07/2017,30402
59 ST,456NQRW,04/07/2017,39703
175 ST,A,04/07/2017,13090
181 ST,A,04/07/2017,11202
190 ST,A,04/07/2017,4493
DYCKMAN ST,A,04/07/2017,7032
INWOOD-207 ST,A,04/07/2017,9647
145 ST,ABCD,04/07/2017,23265
W 4 ST-WASH SQ,ABCDEFM,04/07/2017,37055
125 ST,ACBD,04/07/2017,27658
CANAL ST,ACE,04/07/2017,17566
CANAL ST,ACE,04/07/2017,17566
CHAMBERS ST,ACE23,04/07/2017,29060
14 ST,ACEL,04/07/2017,19645
42 ST-PORT AUTH,ACENQRS1237W,04/07/2017,96946
FULTON ST,ACJZ2345,04/07/2017,28944
103 ST,BC,04/07/2017,4651
116 ST,BC,04/07/2017,7568
135 ST,BC,04/07/2017,6041
72 ST,BC,04/07/2017,8079
81 ST-MUSEUM,BC,04/07/2017,13890
86 ST,BC,04/07/2017,10355
96 ST,BC,04/07/2017,9314
CATHEDRAL PKWY,BC,04/07/2017,7724
155 ST,BD,04/07/2017,3826
GRAND ST,BD,04/07/2017,22834
7 AV,BDE,04/07/2017,434
47-50 STS ROCK,BDFM,04/07/2017,55216
42 ST-BRYANT PK,BDFM7,04/07/2017,37400
34 ST-HERALD SQ,BDFMNQRW,04/07/2017,114481
B'WAY-LAFAYETTE,BDFQ6,04/07/2017,21487
163 ST-AMSTERDM,C,04/07/2017,4594
23 ST,CE,04/07/2017,21851
SPRING ST,CE,04/07/2017,11181
5 AV/53 ST,EM,04/07/2017,26510
57 ST,F,04/07/2017,13682
EAST BROADWAY,F,04/07/2017,13777
LEXINGTON AV/63,F,04/07/2017,18868
DELANCEY/ESSEX,FJMZ,04/07/2017,25256
14 ST,FLM123,04/07/2017,16370
14 ST,FLM123,04/07/2017,16370
6 AV,FLM123,04/07/2017,5219
23 ST,FM,04/07/2017,26976
CANAL ST,JNQRZ6W,04/07/2017,46513
BOWERY,JZ,04/07/2017,3379
BROAD ST,JZ,04/07/2017,7303
CHAMBERS ST,JZ456,04/07/2017,10772
1 AV,L,04/07/2017,20185
3 AV,L,04/07/2017,5770
49 ST,NQRW,04/07/2017,23188
5 AV/59 ST,NQRW,04/07/2017,15754
57 ST-7 AV,NQRW,04/07/2017,30184
59 ST,NRW,04/07/2017,17296
8 ST-NYU,NRW,04/07/2017,15390
PRINCE ST,NRW,04/07/2017,13382
RECTOR ST,NRW,04/07/2017,6555
72 ST-2 AVE,Q,04/07/2017,26879
86 ST-2 AVE,Q,04/07/2017,23350
96 ST-2 AVE,Q,04/07/2017,16973
WHITEHALL S-FRY,R1W,04/07/2017,17360
CORTLANDT ST,RNW,04/07/2017,18901
103 ST,1,04/08/2017,9024
116 ST-COLUMBIA,1,04/08/2017,7958
125 ST,1,04/08/2017,5021
137 ST CITY COL,1,04/08/2017,8940
157 ST,1,04/08/2017,7723
18 ST,1,04/08/2017,4294
181 ST,1,04/08/2017,7747
191 ST,1,04/08/2017,5297
207 ST,1,04/08/2017,4571
215 ST,1,04/08/2017,1080
28 ST,1,04/08/2017,6636
50 ST,1,04/08/2017,10980
66 ST-LINCOLN,1,04/08/2017,11885
79 ST,1,04/08/2017,10503
86 ST,1,04/08/2017,11296
CANAL ST,1,04/08/2017,2602
CHRISTOPHER ST,1,04/08/2017,9404
DYCKMAN ST,1,04/08/2017,4911
HOUSTON ST,1,04/08/2017,5126
RECTOR ST,1,04/08/2017,5790
TWENTY THIRD ST,1,04/08/2017,2710
145 ST,3,04/08/2017,2007
HARLEM 148 ST,3,04/08/2017,2194
103 ST,6,04/08/2017,7947
110 ST,6,04/08/2017,7181
116 ST,6,04/08/2017,10640
23 ST,6,04/08/2017,12063
28 ST,6,04/08/2017,9079
33 ST,6,04/08/2017,13246
51 ST,6,04/08/2017,8972
51 ST,6,04/08/2017,8972
68ST-HUNTER CO,6,04/08/2017,9265
96 ST,6,04/08/2017,8457
ASTOR PL,6,04/08/2017,10113
SPRING ST,6,04/08/2017,8285
34 ST-HUDSON YD,7,04/08/2017,4825
116 ST,23,04/08/2017,7258
125 ST,23,04/08/2017,9508
135 ST,23,04/08/2017,8544
CENTRAL PK N110,23,04/08/2017,5443
BOWLING GREEN,45,04/08/2017,10211
WALL ST,45,04/08/2017,7709
72 ST,123,04/08/2017,24106
96 ST,123,04/08/2017,22761
CHAMBERS ST,123,04/08/2017,7158
125 ST,456,04/08/2017,16392
86 ST,456,04/08/2017,24406
TIMES SQ-42 ST,1237ACENQRSW,04/08/2017,44404
59 ST COLUMBUS,1ABCD,04/08/2017,8241
168 ST,1AC,04/08/2017,5830
SOUTH FERRY,1RW,04/08/2017,8483
FULTON ST,2345ACJZ,04/08/2017,24601
PARK PLACE,23ACE,04/08/2017,174
GRD CNTRL-42 ST,4567S,04/08/2017,50200
BROOKLYN BRIDGE,456JZ,04/08/2017,9946
14 ST-UNION SQ,456LNQRW,04/08/2017,20722
59 ST,456NQRW,04/08/2017,21193
175 ST,A,04/08/2017,7834
181 ST,A,04/08/2017,6963
190 ST,A,04/08/2017,2977
DYCKMAN ST,A,04/08/2017,4519
INWOOD-207 ST,A,04/08/2017,5805
145 ST,ABCD,04/08/2017,15779
W 4 ST-WASH SQ,ABCDEFM,04/08/2017,27989
125 ST,ACBD,04/08/2017,18336
CANAL ST,ACE,04/08/2017,8504
CANAL ST,ACE,04/08/2017,8504
CHAMBERS ST,ACE23,04/08/2017,10238
14 ST,ACEL,04/08/2017,11448
42 ST-PORT AUTH,ACENQRS1237W,04/08/2017,55549
FULTON ST,ACJZ2345,04/08/2017,12649
103 ST,BC,04/08/2017,2883
116 ST,BC,04/08/2017,4300
135 ST,BC,04/08/2017,2934
72 ST,BC,04/08/2017,5608
81 ST-MUSEUM,BC,04/08/2017,9154
86 ST,BC,04/08/2017,4679
96 ST,BC,04/08/2017,4195
CATHEDRAL PKWY,BC,04/08/2017,4752
155 ST,BD,04/08/2017,2471
GRAND ST,BD,04/08/2017,15253
7 AV,BDE,04/08/2017,6119
47-50 STS ROCK,BDFM,04/08/2017,15803
42 ST-BRYANT PK,BDFM7,04/08/2017,13153
34 ST-HERALD SQ,BDFMNQRW,04/08/2017,63111
B'WAY-LAFAYETTE,BDFQ6,04/08/2017,12326
163 ST-AMSTERDM,C,04/08/2017,3083
23 ST,CE,04/08/2017,7496
SPRING ST,CE,04/08/2017,2009
5 AV/53 ST,EM,04/08/2017,5893
57 ST,F,04/08/2017,6873
EAST BROADWAY,F,04/08/2017,8241
LEXINGTON AV/63,F,04/08/2017,8946
DELANCEY/ESSEX,FJMZ,04/08/2017,15996
14 ST,FLM123,04/08/2017,7164
14 ST,FLM123,04/08/2017,7164
6 AV,FLM123,04/08/2017,4218
23 ST,FM,04/08/2017,5466
CANAL ST,JNQRZ6W,04/08/2017,38840
BOWERY,JZ,04/08/2017,3221
BROAD ST,JZ,04/08/2017,2683
CHAMBERS ST,JZ456,04/08/2017,3292
1 AV,L,04/08/2017,14773
3 AV,L,04/08/2017,5026
49 ST,NQRW,04/08/2017,14180
5 AV/59 ST,NQRW,04/08/2017,10733
57 ST-7 AV,NQRW,04/08/2017,19088
59 ST,NRW,04/08/2017,10413
8 ST-NYU,NRW,04/08/2017,11437
PRINCE ST,NRW,04/08/2017,12594
RECTOR ST,NRW,04/08/2017,3875
72 ST-2 AVE,Q,04/08/2017,13807
86 ST-2 AVE,Q,04/08/2017,16857
96 ST-2 AVE,Q,04/08/2017,10559
WHITEHALL S-FRY,R1W,04/08/2017,9382
CORTLANDT ST,RNW,04/08/2017,12280
103 ST,1,04/09/2017,7215
116 ST-COLUMBIA,1,04/09/2017,6565
125 ST,1,04/09/2017,4216
137 ST CITY COL,1,04/09/2017,7358
157 ST,1,04/09/2017,6439
18 ST,1,04/09/2017,3051
181 ST,1,04/09/2017,6308
191 ST,1,04/09/2017,4573
207 ST,1,04/09/2017,3740
215 ST,1,04/09/2017,972
28 ST,1,04/09/2017,5479
50 ST,1,04/09/2017,10241
66 ST-LINCOLN,1,04/09/2017,9725
79 ST,1,04/09/2017,9218
86 ST,1,04/09/2017,9465
CANAL ST,1,04/09/2017,2015
CHRISTOPHER ST,1,04/09/2017,8655
DYCKMAN ST,1,04/09/2017,4119
HOUSTON ST,1,04/09/2017,3722
RECTOR ST,1,04/09/2017,4599
TWENTY THIRD ST,1,04/09/2017,2264
145 ST,3,04/09/2017,1480
HARLEM 148 ST,3,04/09/2017,1750
103 ST,6,04/09/2017,6241
110 ST,6,04/09/2017,5625
116 ST,6,04/09/2017,8515
23 ST,6,04/09/2017,7892
28 ST,6,04/09/2017,7195
33 ST,6,04/09/2017,9890
51 ST,6,04/09/2017,7407
51 ST,6,04/09/2017,7407
68ST-HUNTER CO,6,04/09/2017,8253
96 ST,6,04/09/2017,6771
ASTOR PL,6,04/09/2017,8108
SPRING ST,6,04/09/2017,6588
34 ST-HUDSON YD,7,04/09/2017,4112
116 ST,23,04/09/2017,6578
125 ST,23,04/09/2017,8495
135 ST,23,04/09/2017,7367
CENTRAL PK N110,23,04/09/2017,4816
BOWLING GREEN,45,04/09/2017,7972
WALL ST,45,04/09/2017,5902
72 ST,123,04/09/2017,22177
96 ST,123,04/09/2017,19022
CHAMBERS ST,123,04/09/2017,5650
125 ST,456,04/09/2017,12781
86 ST,456,04/09/2017,19300
TIMES SQ-42 ST,1237ACENQRSW,04/09/2017,39241
59 ST COLUMBUS,1ABCD,04/09/2017,7726
168 ST,1AC,04/09/2017,4553
SOUTH FERRY,1RW,04/09/2017,7245
FULTON ST,2345ACJZ,04/09/2017,21626
PARK PLACE,23ACE,04/09/2017,1
GRD CNTRL-42 ST,4567S,04/09/2017,39463
BROOKLYN BRIDGE,456JZ,04/09/2017,8034
14 ST-UNION SQ,456LNQRW,04/09/2017,17144
59 ST,456NQRW,04/09/2017,16483
175 ST,A,04/09/2017,6301
181 ST,A,04/09/2017,5833
190 ST,A,04/09/2017,2707
DYCKMAN ST,A,04/09/2017,3853
INWOOD-207 ST,A,04/09/2017,4454
145 ST,ABCD,04/09/2017,12922
W 4 ST-WASH SQ,ABCDEFM,04/09/2017,877550
125 ST,ACBD,04/09/2017,15976
CANAL ST,ACE,04/09/2017,6941
CANAL ST,ACE,04/09/2017,6941
CHAMBERS ST,ACE23,04/09/2017,7859
14 ST,ACEL,04/09/2017,9009
42 ST-PORT AUTH,ACENQRS1237W,04/09/2017,47840
FULTON ST,ACJZ2345,04/09/2017,10322
103 ST,BC,04/09/2017,2462
116 ST,BC,04/09/2017,4189
135 ST,BC,04/09/2017,2530
72 ST,BC,04/09/2017,6839
81 ST-MUSEUM,BC,04/09/2017,9248
86 ST,BC,04/09/2017,4329
96 ST,BC,04/09/2017,4079
CATHEDRAL PKWY,BC,04/09/2017,4180
155 ST,BD,04/09/2017,1996
GRAND ST,BD,04/09/2017,13769
7 AV,BDE,04/09/2017,5392
47-50 STS ROCK,BDFM,04/09/2017,12854
42 ST-BRYANT PK,BDFM7,04/09/2017,10420
34 ST-HERALD SQ,BDFMNQRW,04/09/2017,52254
B'WAY-LAFAYETTE,BDFQ6,04/09/2017,9483
163 ST-AMSTERDM,C,04/09/2017,2624
23 ST,CE,04/09/2017,5450
SPRING ST,CE,04/09/2017,1604
5 AV/53 ST,EM,04/09/2017,4748
57 ST,F,04/09/2017,6409
EAST BROADWAY,F,04/09/2017,7456
LEXINGTON AV/63,F,04/09/2017,8126
DELANCEY/ESSEX,FJMZ,04/09/2017,13923
14 ST,FLM123,04/09/2017,5172
14 ST,FLM123,04/09/2017,5172
6 AV,FLM123,04/09/2017,3190
23 ST,FM,04/09/2017,4088
CANAL ST,JNQRZ6W,04/09/2017,31591
BOWERY,JZ,04/09/2017,2811
BROAD ST,JZ,04/09/2017,1829
CHAMBERS ST,JZ456,04/09/2017,2804
1 AV,L,04/09/2017,11968
3 AV,L,04/09/2017,4049
49 ST,NQRW,04/09/2017,12854
5 AV/59 ST,NQRW,04/09/2017,11453
57 ST-7 AV,NQRW,04/09/2017,16804
59 ST,NRW,04/09/2017,8617
8 ST-NYU,NRW,04/09/2017,10288
PRINCE ST,NRW,04/09/2017,10630
RECTOR ST,NRW,04/09/2017,2951
72 ST-2 AVE,Q,04/09/2017,16807879
86 ST-2 AVE,Q,04/09/2017,11589
96 ST-2 AVE,Q,04/09/2017,7873
WHITEHALL S-FRY,R1W,04/09/2017,7616
CORTLANDT ST,RNW,04/09/2017,10599
103 ST,1,04/10/2017,11009
116 ST-COLUMBIA,1,04/10/2017,14147
125 ST,1,04/10/2017,6362
137 ST CITY COL,1,04/10/2017,11392
157 ST,1,04/10/2017,9785
18 ST,1,04/10/2017,6744
181 ST,1,04/10/2017,10166
191 ST,1,04/10/2017,6970
207 ST,1,04/10/2017,5600
215 ST,1,04/10/2017,1709
28 ST,1,04/10/2017,12810
50 ST,1,04/10/2017,20600
66 ST-LINCOLN,1,04/10/2017,17196
79 ST,1,04/10/2017,13672
86 ST,1,04/10/2017,15453
CANAL ST,1,04/10/2017,5641
CHRISTOPHER ST,1,04/10/2017,12755
DYCKMAN ST,1,04/10/2017,6232
HOUSTON ST,1,04/10/2017,13517
RECTOR ST,1,04/10/2017,9214
TWENTY THIRD ST,1,04/10/2017,8822
145 ST,3,04/10/2017,3188
HARLEM 148 ST,3,04/10/2017,3301
103 ST,6,04/10/2017,12289
110 ST,6,04/10/2017,10132
116 ST,6,04/10/2017,13659
23 ST,6,04/10/2017,21239
28 ST,6,04/10/2017,19411
33 ST,6,04/10/2017,26289
51 ST,6,04/10/2017,17928
51 ST,6,04/10/2017,17928
68ST-HUNTER CO,6,04/10/2017,17778
96 ST,6,04/10/2017,16171
ASTOR PL,6,04/10/2017,14039
SPRING ST,6,04/10/2017,9241
34 ST-HUDSON YD,7,04/10/2017,9614
116 ST,23,04/10/2017,10100
125 ST,23,04/10/2017,13508
135 ST,23,04/10/2017,12865
CENTRAL PK N110,23,04/10/2017,8137
BOWLING GREEN,45,04/10/2017,30017
WALL ST,45,04/10/2017,18122
72 ST,123,04/10/2017,33150
96 ST,123,04/10/2017,31399
CHAMBERS ST,123,04/10/2017,16177
125 ST,456,04/10/2017,25918
86 ST,456,04/10/2017,40554
TIMES SQ-42 ST,1237ACENQRSW,04/10/2017,70463
59 ST COLUMBUS,1ABCD,04/10/2017,12621
168 ST,1AC,04/10/2017,11596
SOUTH FERRY,1RW,04/10/2017,15633
FULTON ST,2345ACJZ,04/10/2017,59926
PARK PLACE,23ACE,04/10/2017,3413
GRD CNTRL-42 ST,4567S,04/10/2017,137401
BROOKLYN BRIDGE,456JZ,04/10/2017,18890
14 ST-UNION SQ,456LNQRW,04/10/2017,25876
59 ST,456NQRW,04/10/2017,36994
175 ST,A,04/10/2017,12097
181 ST,A,04/10/2017,9596
190 ST,A,04/10/2017,4293
DYCKMAN ST,A,04/10/2017,6110
INWOOD-207 ST,A,04/10/2017,8681
145 ST,ABCD,04/10/2017,19710
W 4 ST-WASH SQ,ABCDEFM,04/10/2017,35092
125 ST,ACBD,04/10/2017,23699
CANAL ST,ACE,04/10/2017,16799
CANAL ST,ACE,04/10/2017,16799
CHAMBERS ST,ACE23,04/10/2017,25362
14 ST,ACEL,04/10/2017,15623
42 ST-PORT AUTH,ACENQRS1237W,04/10/2017,91727
FULTON ST,ACJZ2345,04/10/2017,28544
103 ST,BC,04/10/2017,4236
116 ST,BC,04/10/2017,6288
135 ST,BC,04/10/2017,4635
72 ST,BC,04/10/2017,8939
81 ST-MUSEUM,BC,04/10/2017,13552
86 ST,BC,04/10/2017,9438
96 ST,BC,04/10/2017,8677
CATHEDRAL PKWY,BC,04/10/2017,6724
155 ST,BD,04/10/2017,3424
GRAND ST,BD,04/10/2017,21519
7 AV,BDE,04/10/2017,14651
47-50 STS ROCK,BDFM,04/10/2017,50978
42 ST-BRYANT PK,BDFM7,04/10/2017,36854
34 ST-HERALD SQ,BDFMNQRW,04/10/2017,111557
B'WAY-LAFAYETTE,BDFQ6,04/10/2017,20045
163 ST-AMSTERDM,C,04/10/2017,4101
23 ST,CE,04/10/2017,18444
SPRING ST,CE,04/10/2017,10327
5 AV/53 ST,EM,04/10/2017,24094
57 ST,F,04/10/2017,13162
EAST BROADWAY,F,04/10/2017,12262
LEXINGTON AV/63,F,04/10/2017,16076
DELANCEY/ESSEX,FJMZ,04/10/2017,20190
14 ST,FLM123,04/10/2017,15230
14 ST,FLM123,04/10/2017,15230
6 AV,FLM123,04/10/2017,4695
23 ST,FM,04/10/2017,24909
CANAL ST,JNQRZ6W,04/10/2017,45984
BOWERY,JZ,04/10/2017,2987
BROAD ST,JZ,04/10/2017,7104
CHAMBERS ST,JZ456,04/10/2017,9784
1 AV,L,04/10/2017,16491
3 AV,L,04/10/2017,5077
49 ST,NQRW,04/10/2017,21056
5 AV/59 ST,NQRW,04/10/2017,18475
57 ST-7 AV,NQRW,04/10/2017,28390
59 ST,NRW,04/10/2017,15605
8 ST-NYU,NRW,04/10/2017,13678
PRINCE ST,NRW,04/10/2017,12459
RECTOR ST,NRW,04/10/2017,6437
72 ST-2 AVE,Q,04/10/2017,23152
86 ST-2 AVE,Q,04/10/2017,20770
96 ST-2 AVE,Q,04/10/2017,14511
WHITEHALL S-FRY,R1W,04/10/2017,18424
CORTLANDT ST,RNW,04/10/2017,19275
103 ST,1,04/11/2017,11499
116 ST-COLUMBIA,1,04/11/2017,14745
125 ST,1,04/11/2017,6537
137 ST CITY COL,1,04/11/2017,11578
157 ST,1,04/11/2017,10045
18 ST,1,04/11/2017,6811
181 ST,1,04/11/2017,9984
191 ST,1,04/11/2017,7064
207 ST,1,04/11/2017,5706
215 ST,1,04/11/2017,1742
28 ST,1,04/11/2017,12873
50 ST,1,04/11/2017,20951
66 ST-LINCOLN,1,04/11/2017,17231
79 ST,1,04/11/2017,13958
86 ST,1,04/11/2017,15527
CANAL ST,1,04/11/2017,5462
CHRISTOPHER ST,1,04/11/2017,12346
DYCKMAN ST,1,04/11/2017,6437
HOUSTON ST,1,04/11/2017,13857
RECTOR ST,1,04/11/2017,9203
TWENTY THIRD ST,1,04/11/2017,9393
145 ST,3,04/11/2017,3242
HARLEM 148 ST,3,04/11/2017,3420
103 ST,6,04/11/2017,12610
110 ST,6,04/11/2017,10278
116 ST,6,04/11/2017,13935
23 ST,6,04/11/2017,21460
28 ST,6,04/11/2017,19245
33 ST,6,04/11/2017,26582
51 ST,6,04/11/2017,18966
51 ST,6,04/11/2017,18966
68ST-HUNTER CO,6,04/11/2017,18565
96 ST,6,04/11/2017,16318
ASTOR PL,6,04/11/2017,14390
SPRING ST,6,04/11/2017,9433
34 ST-HUDSON YD,7,04/11/2017,9511
116 ST,23,04/11/2017,10275
125 ST,23,04/11/2017,13831
135 ST,23,04/11/2017,13236
CENTRAL PK N110,23,04/11/2017,8372
BOWLING GREEN,45,04/11/2017,30121
WALL ST,45,04/11/2017,18185
72 ST,123,04/11/2017,33156
96 ST,123,04/11/2017,30691
CHAMBERS ST,123,04/11/2017,16655
125 ST,456,04/11/2017,26143
86 ST,456,04/11/2017,39925
TIMES SQ-42 ST,1237ACENQRSW,04/11/2017,71674
59 ST COLUMBUS,1ABCD,04/11/2017,13748
168 ST,1AC,04/11/2017,11929
SOUTH FERRY,1RW,04/11/2017,16265
FULTON ST,2345ACJZ,04/11/2017,59993
PARK PLACE,23ACE,04/11/2017,3389
GRD CNTRL-42 ST,4567S,04/11/2017,138874
BROOKLYN BRIDGE,456JZ,04/11/2017,19505
14 ST-UNION SQ,456LNQRW,04/11/2017,27139
59 ST,456NQRW,04/11/2017,37620
175 ST,A,04/11/2017,12399
181 ST,A,04/11/2017,9761
190 ST,A,04/11/2017,4498
DYCKMAN ST,A,04/11/2017,6369
INWOOD-207 ST,A,04/11/2017,8840
145 ST,ABCD,04/11/2017,20090
W 4 ST-WASH SQ,ABCDEFM,04/11/2017,37477
125 ST,ACBD,04/11/2017,24274
CANAL ST,ACE,04/11/2017,16947
CANAL ST,ACE,04/11/2017,16947
CHAMBERS ST,ACE23,04/11/2017,26414
14 ST,ACEL,04/11/2017,16732
42 ST-PORT AUTH,ACENQRS1237W,04/11/2017,92379
FULTON ST,ACJZ2345,04/11/2017,28390
103 ST,BC,04/11/2017,4482
116 ST,BC,04/11/2017,6446
135 ST,BC,04/11/2017,4868
72 ST,BC,04/11/2017,9598
81 ST-MUSEUM,BC,04/11/2017,15283
86 ST,BC,04/11/2017,9166
96 ST,BC,04/11/2017,8477
CATHEDRAL PKWY,BC,04/11/2017,7159
155 ST,BD,04/11/2017,3530
GRAND ST,BD,04/11/2017,21879
7 AV,BDE,04/11/2017,14595
47-50 STS ROCK,BDFM,04/11/2017,50272
42 ST-BRYANT PK,BDFM7,04/11/2017,37295
34 ST-HERALD SQ,BDFMNQRW,04/11/2017,111235
B'WAY-LAFAYETTE,BDFQ6,04/11/2017,20842
163 ST-AMSTERDM,C,04/11/2017,4142
23 ST,CE,04/11/2017,19615
SPRING ST,CE,04/11/2017,10742
5 AV/53 ST,EM,04/11/2017,25034
57 ST,F,04/11/2017,13835
EAST BROADWAY,F,04/11/2017,12375
LEXINGTON AV/63,F,04/11/2017,16686
DELANCEY/ESSEX,FJMZ,04/11/2017,20505
14 ST,FLM123,04/11/2017,15384
14 ST,FLM123,04/11/2017,15384
6 AV,FLM123,04/11/2017,4671
23 ST,FM,04/11/2017,25890
CANAL ST,JNQRZ6W,04/11/2017,47138
BOWERY,JZ,04/11/2017,2863
BROAD ST,JZ,04/11/2017,7045
CHAMBERS ST,JZ456,04/11/2017,10474
1 AV,L,04/11/2017,16909
3 AV,L,04/11/2017,5043
49 ST,NQRW,04/11/2017,21711
5 AV/59 ST,NQRW,04/11/2017,20575
57 ST-7 AV,NQRW,04/11/2017,29317
59 ST,NRW,04/11/2017,15815
8 ST-NYU,NRW,04/11/2017,14971
PRINCE ST,NRW,04/11/2017,13449
RECTOR ST,NRW,04/11/2017,6770
72 ST-2 AVE,Q,04/11/2017,23816
86 ST-2 AVE,Q,04/11/2017,20900
96 ST-2 AVE,Q,04/11/2017,14916
WHITEHALL S-FRY,R1W,04/11/2017,19121
CORTLANDT ST,RNW,04/11/2017,20076
103 ST,1,04/12/2017,11804
116 ST-COLUMBIA,1,04/12/2017,14881
125 ST,1,04/12/2017,6445
137 ST CITY COL,1,04/12/2017,11731
157 ST,1,04/12/2017,9907
18 ST,1,04/12/2017,7087
181 ST,1,04/12/2017,9783
191 ST,1,04/12/2017,6846
207 ST,1,04/12/2017,5529
215 ST,1,04/12/2017,1720
28 ST,1,04/12/2017,3421395
50 ST,1,04/12/2017,22130
66 ST-LINCOLN,1,04/12/2017,18554
79 ST,1,04/12/2017,14525
86 ST,1,04/12/2017,16381
CANAL ST,1,04/12/2017,5659
CHRISTOPHER ST,1,04/12/2017,13080
DYCKMAN ST,1,04/12/2017,6101
HOUSTON ST,1,04/12/2017,14436
RECTOR ST,1,04/12/2017,9247
TWENTY THIRD ST,1,04/12/2017,8269
145 ST,3,04/12/2017,3220
HARLEM 148 ST,3,04/12/2017,3384
103 ST,6,04/12/2017,12736
110 ST,6,04/12/2017,10185
116 ST,6,04/12/2017,14068
23 ST,6,04/12/2017,22311
28 ST,6,04/12/2017,20430
33 ST,6,04/12/2017,27388
51 ST,6,04/12/2017,19729
51 ST,6,04/12/2017,19729
68ST-HUNTER CO,6,04/12/2017,18551
96 ST,6,04/12/2017,16736
ASTOR PL,6,04/12/2017,14305
SPRING ST,6,04/12/2017,9519
34 ST-HUDSON YD,7,04/12/2017,9564
116 ST,23,04/12/2017,10590
125 ST,23,04/12/2017,13913
135 ST,23,04/12/2017,13233
CENTRAL PK N110,23,04/12/2017,8207
BOWLING GREEN,45,04/12/2017,28768
WALL ST,45,04/12/2017,18192
72 ST,123,04/12/2017,33727
96 ST,123,04/12/2017,32324
CHAMBERS ST,123,04/12/2017,16362
125 ST,456,04/12/2017,25471
86 ST,456,04/12/2017,41749
TIMES SQ-42 ST,1237ACENQRSW,04/12/2017,73586
59 ST COLUMBUS,1ABCD,04/12/2017,12832
168 ST,1AC,04/12/2017,12165
SOUTH FERRY,1RW,04/12/2017,14623
FULTON ST,2345ACJZ,04/12/2017,59226
PARK PLACE,23ACE,04/12/2017,3465
GRD CNTRL-42 ST,4567S,04/12/2017,140858
BROOKLYN BRIDGE,456JZ,04/12/2017,18956
14 ST-UNION SQ,456LNQRW,04/12/2017,27822
59 ST,456NQRW,04/12/2017,38451
175 ST,A,04/12/2017,12036
181 ST,A,04/12/2017,9738
190 ST,A,04/12/2017,4413
DYCKMAN ST,A,04/12/2017,6174
INWOOD-207 ST,A,04/12/2017,8763
145 ST,ABCD,04/12/2017,20256
W 4 ST-WASH SQ,ABCDEFM,04/12/2017,36461
125 ST,ACBD,04/12/2017,24018
CANAL ST,ACE,04/12/2017,17223
CANAL ST,ACE,04/12/2017,17223
CHAMBERS ST,ACE23,04/12/2017,25648
14 ST,ACEL,04/12/2017,16124
42 ST-PORT AUTH,ACENQRS1237W,04/12/2017,94378
FULTON ST,ACJZ2345,04/12/2017,28099
103 ST,BC,04/12/2017,4168
116 ST,BC,04/12/2017,6482
135 ST,BC,04/12/2017,5077
72 ST,BC,04/12/2017,9010
81 ST-MUSEUM,BC,04/12/2017,17240
86 ST,BC,04/12/2017,9751
96 ST,BC,04/12/2017,8710
CATHEDRAL PKWY,BC,04/12/2017,7201
155 ST,BD,04/12/2017,3416
GRAND ST,BD,04/12/2017,20663
7 AV,BDE,04/12/2017,16254
47-50 STS ROCK,BDFM,04/12/2017,52367
42 ST-BRYANT PK,BDFM7,04/12/2017,38151
34 ST-HERALD SQ,BDFMNQRW,04/12/2017,113226
B'WAY-LAFAYETTE,BDFQ6,04/12/2017,20083
163 ST-AMSTERDM,C,04/12/2017,4181
23 ST,CE,04/12/2017,19641
SPRING ST,CE,04/12/2017,10949
5 AV/53 ST,EM,04/12/2017,25715
57 ST,F,04/12/2017,1920106644
EAST BROADWAY,F,04/12/2017,11607
LEXINGTON AV/63,F,04/12/2017,16139
DELANCEY/ESSEX,FJMZ,04/12/2017,20788
14 ST,FLM123,04/12/2017,15732
14 ST,FLM123,04/12/2017,15732
6 AV,FLM123,04/12/2017,4900
23 ST,FM,04/12/2017,25819
CANAL ST,JNQRZ6W,04/12/2017,45170
BOWERY,JZ,04/12/2017,2955
BROAD ST,JZ,04/12/2017,7022
CHAMBERS ST,JZ456,04/12/2017,10028
1 AV,L,04/12/2017,15338
3 AV,L,04/12/2017,4435
49 ST,NQRW,04/12/2017,23423
5 AV/59 ST,NQRW,04/12/2017,18029
57 ST-7 AV,NQRW,04/12/2017,29358
59 ST,NRW,04/12/2017,15335
8 ST-NYU,NRW,04/12/2017,14571
PRINCE ST,NRW,04/12/2017,13121
RECTOR ST,NRW,04/12/2017,6447
72 ST-2 AVE,Q,04/12/2017,24796
86 ST-2 AVE,Q,04/12/2017,21820
96 ST-2 AVE,Q,04/12/2017,15052
WHITEHALL S-FRY,R1W,04/12/2017,17379
CORTLANDT ST,RNW,04/12/2017,18693
103 ST,1,04/13/2017,12032
116 ST-COLUMBIA,1,04/13/2017,15645
125 ST,1,04/13/2017,6517
137 ST CITY COL,1,04/13/2017,12117
157 ST,1,04/13/2017,10028
18 ST,1,04/13/2017,7523
181 ST,1,04/13/2017,10177
191 ST,1,04/13/2017,7005
207 ST,1,04/13/2017,5631
215 ST,1,04/13/2017,1701
28 ST,1,04/13/2017,13669
50 ST,1,04/13/2017,21621
66 ST-LINCOLN,1,04/13/2017,18912
79 ST,1,04/13/2017,15371
86 ST,1,04/13/2017,17140
CANAL ST,1,04/13/2017,5855
CHRISTOPHER ST,1,04/13/2017,13302
DYCKMAN ST,1,04/13/2017,6272
HOUSTON ST,1,04/13/2017,14332
RECTOR ST,1,04/13/2017,10046
TWENTY THIRD ST,1,04/13/2017,8632
145 ST,3,04/13/2017,3285
HARLEM 148 ST,3,04/13/2017,3384
103 ST,6,04/13/2017,12482
110 ST,6,04/13/2017,10418
116 ST,6,04/13/2017,14110
23 ST,6,04/13/2017,23204
28 ST,6,04/13/2017,21544
33 ST,6,04/13/2017,28760
51 ST,6,04/13/2017,20553
51 ST,6,04/13/2017,20553
68ST-HUNTER CO,6,04/13/2017,19242
96 ST,6,04/13/2017,17276
ASTOR PL,6,04/13/2017,15473
SPRING ST,6,04/13/2017,10515
34 ST-HUDSON YD,7,04/13/2017,10057
116 ST,23,04/13/2017,10462
125 ST,23,04/13/2017,13938
135 ST,23,04/13/2017,13205
CENTRAL PK N110,23,04/13/2017,8307
BOWLING GREEN,45,04/13/2017,30510
WALL ST,45,04/13/2017,19012
72 ST,123,04/13/2017,35575
96 ST,123,04/13/2017,33926
CHAMBERS ST,123,04/13/2017,17063
125 ST,456,04/13/2017,25967
86 ST,456,04/13/2017,42841
TIMES SQ-42 ST,1237ACENQRSW,04/13/2017,74399
59 ST COLUMBUS,1ABCD,04/13/2017,13326
168 ST,1AC,04/13/2017,12380
SOUTH FERRY,1RW,04/13/2017,16047
FULTON ST,2345ACJZ,04/13/2017,63193
PARK PLACE,23ACE,04/13/2017,3696
GRD CNTRL-42 ST,4567S,04/13/2017,146482
BROOKLYN BRIDGE,456JZ,04/13/2017,20445
14 ST-UNION SQ,456LNQRW,04/13/2017,27018
59 ST,456NQRW,04/13/2017,39477
175 ST,A,04/13/2017,12383
181 ST,A,04/13/2017,10186
190 ST,A,04/13/2017,4595
DYCKMAN ST,A,04/13/2017,6460
INWOOD-207 ST,A,04/13/2017,8848
145 ST,ABCD,04/13/2017,20555
W 4 ST-WASH SQ,ABCDEFM,04/13/2017,39376
125 ST,ACBD,04/13/2017,24535
CANAL ST,ACE,04/13/2017,18308
CANAL ST,ACE,04/13/2017,18308
CHAMBERS ST,ACE23,04/13/2017,26886
14 ST,ACEL,04/13/2017,17468
42 ST-PORT AUTH,ACENQRS1237W,04/13/2017,96244
FULTON ST,ACJZ2345,04/13/2017,29917
103 ST,BC,04/13/2017,4477
116 ST,BC,04/13/2017,6620
135 ST,BC,04/13/2017,4974
72 ST,BC,04/13/2017,9432
81 ST-MUSEUM,BC,04/13/2017,16765
86 ST,BC,04/13/2017,10338
96 ST,BC,04/13/2017,9072
CATHEDRAL PKWY,BC,04/13/2017,7139
155 ST,BD,04/13/2017,3462
GRAND ST,BD,04/13/2017,21746
7 AV,BDE,04/13/2017,17223
47-50 STS ROCK,BDFM,04/13/2017,56075
42 ST-BRYANT PK,BDFM7,04/13/2017,38927
34 ST-HERALD SQ,BDFMNQRW,04/13/2017,118084
B'WAY-LAFAYETTE,BDFQ6,04/13/2017,21999
163 ST-AMSTERDM,C,04/13/2017,4315
23 ST,CE,04/13/2017,21256
SPRING ST,CE,04/13/2017,11753
5 AV/53 ST,EM,04/13/2017,26449
57 ST,F,04/13/2017,14631
EAST BROADWAY,F,04/13/2017,12537
LEXINGTON AV/63,F,04/13/2017,16940
DELANCEY/ESSEX,FJMZ,04/13/2017,21628
14 ST,FLM123,04/13/2017,15959
14 ST,FLM123,04/13/2017,15959
6 AV,FLM123,04/13/2017,4912
23 ST,FM,04/13/2017,27224
CANAL ST,JNQRZ6W,04/13/2017,48723
BOWERY,JZ,04/13/2017,3088
BROAD ST,JZ,04/13/2017,7376
CHAMBERS ST,JZ456,04/13/2017,10332
1 AV,L,04/13/2017,17198
3 AV,L,04/13/2017,5221
49 ST,NQRW,04/13/2017,23396
5 AV/59 ST,NQRW,04/13/2017,19005
57 ST-7 AV,NQRW,04/13/2017,30294
59 ST,NRW,04/13/2017,15700
8 ST-NYU,NRW,04/13/2017,15888
PRINCE ST,NRW,04/13/2017,14390
RECTOR ST,NRW,04/13/2017,7168
72 ST-2 AVE,Q,04/13/2017,25520
86 ST-2 AVE,Q,04/13/2017,22577
96 ST-2 AVE,Q,04/13/2017,15738
WHITEHALL S-FRY,R1W,04/13/2017,18806
CORTLANDT ST,RNW,04/13/2017,20977
103 ST,1,04/14/2017,10736
116 ST-COLUMBIA,1,04/14/2017,13795
125 ST,1,04/14/2017,6349
137 ST CITY COL,1,04/14/2017,10765
157 ST,1,04/14/2017,9276
18 ST,1,04/14/2017,6302
181 ST,1,04/14/2017,8860
191 ST,1,04/14/2017,6229
207 ST,1,04/14/2017,4910
215 ST,1,04/14/2017,1560
28 ST,1,04/14/2017,11153
50 ST,1,04/14/2017,17024
66 ST-LINCOLN,1,04/14/2017,16656
79 ST,1,04/14/2017,13528
86 ST,1,04/14/2017,14940
CANAL ST,1,04/14/2017,4653
CHRISTOPHER ST,1,04/14/2017,11779
DYCKMAN ST,1,04/14/2017,5739
HOUSTON ST,1,04/14/2017,11384
RECTOR ST,1,04/14/2017,8184
TWENTY THIRD ST,1,04/14/2017,7154
145 ST,3,04/14/2017,2864
HARLEM 148 ST,3,04/14/2017,3028
103 ST,6,04/14/2017,11438
110 ST,6,04/14/2017,9415
116 ST,6,04/14/2017,13224
23 ST,6,04/14/2017,18342
28 ST,6,04/14/2017,17566
33 ST,6,04/14/2017,23980
51 ST,6,04/14/2017,16111
51 ST,6,04/14/2017,16111
68ST-HUNTER CO,6,04/14/2017,15137
96 ST,6,04/14/2017,14339
ASTOR PL,6,04/14/2017,13543
SPRING ST,6,04/14/2017,10763
34 ST-HUDSON YD,7,04/14/2017,12414
116 ST,23,04/14/2017,9797
125 ST,23,04/14/2017,13063
135 ST,23,04/14/2017,12403
CENTRAL PK N110,23,04/14/2017,7611
BOWLING GREEN,45,04/14/2017,24360
WALL ST,45,04/14/2017,13871
72 ST,123,04/14/2017,31717
96 ST,123,04/14/2017,29339
CHAMBERS ST,123,04/14/2017,12753
125 ST,456,04/14/2017,23050
86 ST,456,04/14/2017,36372
TIMES SQ-42 ST,1237ACENQRSW,04/14/2017,66024
59 ST COLUMBUS,1ABCD,04/14/2017,11554
168 ST,1AC,04/14/2017,10664
SOUTH FERRY,1RW,04/14/2017,13594
FULTON ST,2345ACJZ,04/14/2017,52349
PARK PLACE,23ACE,04/14/2017,2800
GRD CNTRL-42 ST,4567S,04/14/2017,108596
BROOKLYN BRIDGE,456JZ,04/14/2017,16671
14 ST-UNION SQ,456LNQRW,04/14/2017,26357
59 ST,456NQRW,04/14/2017,31382
175 ST,A,04/14/2017,11011
181 ST,A,04/14/2017,9152
190 ST,A,04/14/2017,4287
DYCKMAN ST,A,04/14/2017,5780
INWOOD-207 ST,A,04/14/2017,7922
145 ST,ABCD,04/14/2017,18909
W 4 ST-WASH SQ,ABCDEFM,04/14/2017,36183
125 ST,ACBD,04/14/2017,23332
CANAL ST,ACE,04/14/2017,14376
CANAL ST,ACE,04/14/2017,14376
CHAMBERS ST,ACE23,04/14/2017,20955
14 ST,ACEL,04/14/2017,15841
42 ST-PORT AUTH,ACENQRS1237W,04/14/2017,82384
FULTON ST,ACJZ2345,04/14/2017,24825
103 ST,BC,04/14/2017,4247
116 ST,BC,04/14/2017,6145
135 ST,BC,04/14/2017,4433
72 ST,BC,04/14/2017,8899
81 ST-MUSEUM,BC,04/14/2017,16174
86 ST,BC,04/14/2017,8192
96 ST,BC,04/14/2017,7520
CATHEDRAL PKWY,BC,04/14/2017,6864
155 ST,BD,04/14/2017,3250
GRAND ST,BD,04/14/2017,21539
7 AV,BDE,04/14/2017,13776
47-50 STS ROCK,BDFM,04/14/2017,44829
42 ST-BRYANT PK,BDFM7,04/14/2017,32026
34 ST-HERALD SQ,BDFMNQRW,04/14/2017,103316
B'WAY-LAFAYETTE,BDFQ6,04/14/2017,20609
163 ST-AMSTERDM,C,04/14/2017,3916
23 ST,CE,04/14/2017,18105
SPRING ST,CE,04/14/2017,10061
5 AV/53 ST,EM,04/14/2017,18893
57 ST,F,04/14/2017,12409
EAST BROADWAY,F,04/14/2017,11468
LEXINGTON AV/63,F,04/14/2017,14456
DELANCEY/ESSEX,FJMZ,04/14/2017,20310
14 ST,FLM123,04/14/2017,13946
14 ST,FLM123,04/14/2017,13946
6 AV,FLM123,04/14/2017,4914
23 ST,FM,04/14/2017,22227
CANAL ST,JNQRZ6W,04/14/2017,47011
BOWERY,JZ,04/14/2017,3086
BROAD ST,JZ,04/14/2017,4769
CHAMBERS ST,JZ456,04/14/2017,8581
1 AV,L,04/14/2017,16460
3 AV,L,04/14/2017,5014
49 ST,NQRW,04/14/2017,19961
5 AV/59 ST,NQRW,04/14/2017,16524
57 ST-7 AV,NQRW,04/14/2017,25351
59 ST,NRW,04/14/2017,13243
8 ST-NYU,NRW,04/14/2017,14390
PRINCE ST,NRW,04/14/2017,14251
RECTOR ST,NRW,04/14/2017,5886
72 ST-2 AVE,Q,04/14/2017,22313
86 ST-2 AVE,Q,04/14/2017,20003
96 ST-2 AVE,Q,04/14/2017,14010
WHITEHALL S-FRY,R1W,04/14/2017,16260
CORTLANDT ST,RNW,04/14/2017,19258
103 ST,1,04/15/2017,8838
116 ST-COLUMBIA,1,04/15/2017,7731
125 ST,1,04/15/2017,4954
137 ST CITY COL,1,04/15/2017,7709
157 ST,1,04/15/2017,7400
18 ST,1,04/15/2017,3098
181 ST,1,04/15/2017,7551
191 ST,1,04/15/2017,4905
207 ST,1,04/15/2017,4176
215 ST,1,04/15/2017,1231
28 ST,1,04/15/2017,4812
50 ST,1,04/15/2017,10502
66 ST-LINCOLN,1,04/15/2017,11361
79 ST,1,04/15/2017,11808
86 ST,1,04/15/2017,11371
CANAL ST,1,04/15/2017,1806
CHRISTOPHER ST,1,04/15/2017,7880
DYCKMAN ST,1,04/15/2017,4733
HOUSTON ST,1,04/15/2017,3319
RECTOR ST,1,04/15/2017,2
TWENTY THIRD ST,1,04/15/2017,2358
145 ST,3,04/15/2017,1810
HARLEM 148 ST,3,04/15/2017,2073
103 ST,6,04/15/2017,7308
110 ST,6,04/15/2017,6817
116 ST,6,04/15/2017,10024
23 ST,6,04/15/2017,8377
28 ST,6,04/15/2017,7963
33 ST,6,04/15/2017,11762
51 ST,6,04/15/2017,9413
51 ST,6,04/15/2017,9413
68ST-HUNTER CO,6,04/15/2017,6922
96 ST,6,04/15/2017,7414
ASTOR PL,6,04/15/2017,9002
SPRING ST,6,04/15/2017,7506
34 ST-HUDSON YD,7,04/15/2017,9331
116 ST,23,04/15/2017,7731
125 ST,23,04/15/2017,10164
135 ST,23,04/15/2017,8465
CENTRAL PK N110,23,04/15/2017,6154
BOWLING GREEN,45,04/15/2017,33
WALL ST,45,04/15/2017,6
72 ST,123,04/15/2017,26380
96 ST,123,04/15/2017,22896
CHAMBERS ST,123,04/15/2017,8082
125 ST,456,04/15/2017,14741
86 ST,456,04/15/2017,22472
TIMES SQ-42 ST,1237ACENQRSW,04/15/2017,46393
59 ST COLUMBUS,1ABCD,04/15/2017,8440
168 ST,1AC,04/15/2017,4507
SOUTH FERRY,1RW,04/15/2017,6
FULTON ST,2345ACJZ,04/15/2017,16901
PARK PLACE,23ACE,04/15/2017,1650
GRD CNTRL-42 ST,4567S,04/15/2017,48062
BROOKLYN BRIDGE,456JZ,04/15/2017,10764
14 ST-UNION SQ,456LNQRW,04/15/2017,17607
59 ST,456NQRW,04/15/2017,20687
175 ST,A,04/15/2017,7408
181 ST,A,04/15/2017,6296
190 ST,A,04/15/2017,2971
DYCKMAN ST,A,04/15/2017,4264
INWOOD-207 ST,A,04/15/2017,5382
145 ST,ABCD,04/15/2017,14095
W 4 ST-WASH SQ,ABCDEFM,04/15/2017,24995
125 ST,ACBD,04/15/2017,18319
CANAL ST,ACE,04/15/2017,6154
CANAL ST,ACE,04/15/2017,6154
CHAMBERS ST,ACE23,04/15/2017,6941
14 ST,ACEL,04/15/2017,8929
42 ST-PORT AUTH,ACENQRS1237W,04/15/2017,53611
FULTON ST,ACJZ2345,04/15/2017,8795
103 ST,BC,04/15/2017,1660
116 ST,BC,04/15/2017,1782
135 ST,BC,04/15/2017,2516
72 ST,BC,04/15/2017,1841
81 ST-MUSEUM,BC,04/15/2017,4106
86 ST,BC,04/15/2017,2172
96 ST,BC,04/15/2017,2681
CATHEDRAL PKWY,BC,04/15/2017,2432
155 ST,BD,04/15/2017,2442
GRAND ST,BD,04/15/2017,14867
7 AV,BDE,04/15/2017,6338
47-50 STS ROCK,BDFM,04/15/2017,20945
42 ST-BRYANT PK,BDFM7,04/15/2017,16210
34 ST-HERALD SQ,BDFMNQRW,04/15/2017,63562
B'WAY-LAFAYETTE,BDFQ6,04/15/2017,12667
163 ST-AMSTERDM,C,04/15/2017,2859
23 ST,CE,04/15/2017,10865
SPRING ST,CE,04/15/2017,4498
5 AV/53 ST,EM,04/15/2017,23
57 ST,F,04/15/2017,9896
EAST BROADWAY,F,04/15/2017,8565
LEXINGTON AV/63,F,04/15/2017,10406
DELANCEY/ESSEX,FJMZ,04/15/2017,16657
14 ST,FLM123,04/15/2017,8557
14 ST,FLM123,04/15/2017,8557
6 AV,FLM123,04/15/2017,3669
23 ST,FM,04/15/2017,10648
CANAL ST,JNQRZ6W,04/15/2017,37720
BOWERY,JZ,04/15/2017,3302
BROAD ST,JZ,04/15/2017,3239
CHAMBERS ST,JZ456,04/15/2017,2914
1 AV,L,04/15/2017,11837
3 AV,L,04/15/2017,3848
49 ST,NQRW,04/15/2017,15733
5 AV/59 ST,NQRW,04/15/2017,11190
57 ST-7 AV,NQRW,04/15/2017,19624
59 ST,NRW,04/15/2017,10175
8 ST-NYU,NRW,04/15/2017,11377
PRINCE ST,NRW,04/15/2017,12889
RECTOR ST,NRW,04/15/2017,7537
72 ST-2 AVE,Q,04/15/2017,12150
86 ST-2 AVE,Q,04/15/2017,15284
96 ST-2 AVE,Q,04/15/2017,9584
WHITEHALL S-FRY,R1W,04/15/2017,18402
CORTLANDT ST,RNW,04/15/2017,17408
103 ST,1,04/16/2017,7131
116 ST-COLUMBIA,1,04/16/2017,6131
125 ST,1,04/16/2017,4451
137 ST CITY COL,1,04/16/2017,6569
157 ST,1,04/16/2017,6200
18 ST,1,04/16/2017,1899
181 ST,1,04/16/2017,6023
191 ST,1,04/16/2017,4170
207 ST,1,04/16/2017,3433
215 ST,1,04/16/2017,785
28 ST,1,04/16/2017,3720
50 ST,1,04/16/2017,9381
66 ST-LINCOLN,1,04/16/2017,8702
79 ST,1,04/16/2017,9554
86 ST,1,04/16/2017,9438
CANAL ST,1,04/16/2017,1415
CHRISTOPHER ST,1,04/16/2017,6327
DYCKMAN ST,1,04/16/2017,3901
HOUSTON ST,1,04/16/2017,2275
RECTOR ST,1,04/16/2017,3
TWENTY THIRD ST,1,04/16/2017,2076
145 ST,3,04/16/2017,1540
HARLEM 148 ST,3,04/16/2017,1697
103 ST,6,04/16/2017,5836
110 ST,6,04/16/2017,5544
116 ST,6,04/16/2017,8194
23 ST,6,04/16/2017,5836
28 ST,6,04/16/2017,6297
33 ST,6,04/16/2017,8272
51 ST,6,04/16/2017,7950
51 ST,6,04/16/2017,7950
68ST-HUNTER CO,6,04/16/2017,6029
96 ST,6,04/16/2017,5794
ASTOR PL,6,04/16/2017,6720
SPRING ST,6,04/16/2017,4811
34 ST-HUDSON YD,7,04/16/2017,7679
116 ST,23,04/16/2017,7426
125 ST,23,04/16/2017,8753
135 ST,23,04/16/2017,7621
CENTRAL PK N110,23,04/16/2017,5833
BOWLING GREEN,45,04/16/2017,22
WALL ST,45,04/16/2017,2
72 ST,123,04/16/2017,22414
96 ST,123,04/16/2017,18817
CHAMBERS ST,123,04/16/2017,6127
125 ST,456,04/16/2017,11801
86 ST,456,04/16/2017,15505
TIMES SQ-42 ST,1237ACENQRSW,04/16/2017,39614
59 ST COLUMBUS,1ABCD,04/16/2017,7751
168 ST,1AC,04/16/2017,3563
SOUTH FERRY,1RW,04/16/2017,30
FULTON ST,2345ACJZ,04/16/2017,12559
PARK PLACE,23ACE,04/16/2017,1140
GRD CNTRL-42 ST,4567S,04/16/2017,37170
BROOKLYN BRIDGE,456JZ,04/16/2017,7976
14 ST-UNION SQ,456LNQRW,04/16/2017,12704
59 ST,456NQRW,04/16/2017,14410
175 ST,A,04/16/2017,5986
181 ST,A,04/16/2017,5149
190 ST,A,04/16/2017,2617
DYCKMAN ST,A,04/16/2017,3565
INWOOD-207 ST,A,04/16/2017,4057
145 ST,ABCD,04/16/2017,11873
W 4 ST-WASH SQ,ABCDEFM,04/16/2017,19957
125 ST,ACBD,04/16/2017,15895
CANAL ST,ACE,04/16/2017,4355
CANAL ST,ACE,04/16/2017,4355
CHAMBERS ST,ACE23,04/16/2017,4613
14 ST,ACEL,04/16/2017,6632
42 ST-PORT AUTH,ACENQRS1237W,04/16/2017,43958
FULTON ST,ACJZ2345,04/16/2017,5313
103 ST,BC,04/16/2017,1561
116 ST,BC,04/16/2017,1597
135 ST,BC,04/16/2017,2280
72 ST,BC,04/16/2017,2243
81 ST-MUSEUM,BC,04/16/2017,3715
86 ST,BC,04/16/2017,1950
96 ST,BC,04/16/2017,2228
CATHEDRAL PKWY,BC,04/16/2017,2133
155 ST,BD,04/16/2017,2061
GRAND ST,BD,04/16/2017,13229
7 AV,BDE,04/16/2017,4679
47-50 STS ROCK,BDFM,04/16/2017,18796
42 ST-BRYANT PK,BDFM7,04/16/2017,12198
34 ST-HERALD SQ,BDFMNQRW,04/16/2017,46651
B'WAY-LAFAYETTE,BDFQ6,04/16/2017,8215
163 ST-AMSTERDM,C,04/16/2017,2369
23 ST,CE,04/16/2017,7570
SPRING ST,CE,04/16/2017,2875
5 AV/53 ST,EM,04/16/2017,1
57 ST,F,04/16/2017,8708
EAST BROADWAY,F,04/16/2017,7744
LEXINGTON AV/63,F,04/16/2017,8199
DELANCEY/ESSEX,FJMZ,04/16/2017,13435
14 ST,FLM123,04/16/2017,6481
14 ST,FLM123,04/16/2017,6481
6 AV,FLM123,04/16/2017,2481
23 ST,FM,04/16/2017,7728
CANAL ST,JNQRZ6W,04/16/2017,29492
BOWERY,JZ,04/16/2017,2898
BROAD ST,JZ,04/16/2017,2315
CHAMBERS ST,JZ456,04/16/2017,2397
1 AV,L,04/16/2017,8667
3 AV,L,04/16/2017,2719
49 ST,NQRW,04/16/2017,12686
5 AV/59 ST,NQRW,04/16/2017,13169
57 ST-7 AV,NQRW,04/16/2017,16088
59 ST,NRW,04/16/2017,8450
8 ST-NYU,NRW,04/16/2017,8488
PRINCE ST,NRW,04/16/2017,8296
RECTOR ST,NRW,04/16/2017,5113
72 ST-2 AVE,Q,04/16/2017,8786
86 ST-2 AVE,Q,04/16/2017,11184
96 ST-2 AVE,Q,04/16/2017,7652
WHITEHALL S-FRY,R1W,04/16/2017,14832
CORTLANDT ST,RNW,04/16/2017,12140
103 ST,1,04/17/2017,11006
116 ST-COLUMBIA,1,04/17/2017,13504
125 ST,1,04/17/2017,6020
137 ST CITY COL,1,04/17/2017,11186
157 ST,1,04/17/2017,9478
18 ST,1,04/17/2017,6438
181 ST,1,04/17/2017,9482
191 ST,1,04/17/2017,6649
207 ST,1,04/17/2017,5449
215 ST,1,04/17/2017,1655
28 ST,1,04/17/2017,13072
50 ST,1,04/17/2017,19230
66 ST-LINCOLN,1,04/17/2017,16423
79 ST,1,04/17/2017,13148
86 ST,1,04/17/2017,15233
CANAL ST,1,04/17/2017,5157
CHRISTOPHER ST,1,04/17/2017,11568
DYCKMAN ST,1,04/17/2017,6111
HOUSTON ST,1,04/17/2017,12870
RECTOR ST,1,04/17/2017,8080
TWENTY THIRD ST,1,04/17/2017,8620
145 ST,3,04/17/2017,3019
HARLEM 148 ST,3,04/17/2017,3211
103 ST,6,04/17/2017,11774
110 ST,6,04/17/2017,9699
116 ST,6,04/17/2017,13214
23 ST,6,04/17/2017,20656
28 ST,6,04/17/2017,19121
33 ST,6,04/17/2017,25200
51 ST,6,04/17/2017,17675
51 ST,6,04/17/2017,17675
68ST-HUNTER CO,6,04/17/2017,16656
96 ST,6,04/17/2017,15825
ASTOR PL,6,04/17/2017,13194
SPRING ST,6,04/17/2017,8461
34 ST-HUDSON YD,7,04/17/2017,11689
116 ST,23,04/17/2017,9675
125 ST,23,04/17/2017,13259
135 ST,23,04/17/2017,12537
CENTRAL PK N110,23,04/17/2017,7737
BOWLING GREEN,45,04/17/2017,27396
WALL ST,45,04/17/2017,18420
72 ST,123,04/17/2017,31389
96 ST,123,04/17/2017,30290
CHAMBERS ST,123,04/17/2017,15207
125 ST,456,04/17/2017,25687
86 ST,456,04/17/2017,37816
TIMES SQ-42 ST,1237ACENQRSW,04/17/2017,67440
59 ST COLUMBUS,1ABCD,04/17/2017,11299
168 ST,1AC,04/17/2017,11431
SOUTH FERRY,1RW,04/17/2017,13739
FULTON ST,2345ACJZ,04/17/2017,55764
PARK PLACE,23ACE,04/17/2017,3238
GRD CNTRL-42 ST,4567S,04/17/2017,134004
BROOKLYN BRIDGE,456JZ,04/17/2017,17881
14 ST-UNION SQ,456LNQRW,04/17/2017,25330
59 ST,456NQRW,04/17/2017,34393
175 ST,A,04/17/2017,11618
181 ST,A,04/17/2017,9042
190 ST,A,04/17/2017,4118
DYCKMAN ST,A,04/17/2017,5836
INWOOD-207 ST,A,04/17/2017,8106
145 ST,ABCD,04/17/2017,18722
W 4 ST-WASH SQ,ABCDEFM,04/17/2017,33056
125 ST,ACBD,04/17/2017,22960
CANAL ST,ACE,04/17/2017,15860
CANAL ST,ACE,04/17/2017,15860
CHAMBERS ST,ACE23,04/17/2017,24340
14 ST,ACEL,04/17/2017,14756
42 ST-PORT AUTH,ACENQRS1237W,04/17/2017,89684
FULTON ST,ACJZ2345,04/17/2017,26366
103 ST,BC,04/17/2017,3997
116 ST,BC,04/17/2017,5966
135 ST,BC,04/17/2017,4473
72 ST,BC,04/17/2017,7897
81 ST-MUSEUM,BC,04/17/2017,12886
86 ST,BC,04/17/2017,8901
96 ST,BC,04/17/2017,8255
CATHEDRAL PKWY,BC,04/17/2017,6526
155 ST,BD,04/17/2017,3233
GRAND ST,BD,04/17/2017,20424
7 AV,BDE,04/17/2017,14719
47-50 STS ROCK,BDFM,04/17/2017,48254
42 ST-BRYANT PK,BDFM7,04/17/2017,34634
34 ST-HERALD SQ,BDFMNQRW,04/17/2017,106626
B'WAY-LAFAYETTE,BDFQ6,04/17/2017,18955
163 ST-AMSTERDM,C,04/17/2017,3916
23 ST,CE,04/17/2017,18298
SPRING ST,CE,04/17/2017,10100
5 AV/53 ST,EM,04/17/2017,22825
57 ST,F,04/17/2017,12247
EAST BROADWAY,F,04/17/2017,11612
LEXINGTON AV/63,F,04/17/2017,15375
DELANCEY/ESSEX,FJMZ,04/17/2017,18677
14 ST,FLM123,04/17/2017,14119
14 ST,FLM123,04/17/2017,14119
6 AV,FLM123,04/17/2017,4402
23 ST,FM,04/17/2017,24779
CANAL ST,JNQRZ6W,04/17/2017,42757
BOWERY,JZ,04/17/2017,2880
BROAD ST,JZ,04/17/2017,6627
CHAMBERS ST,JZ456,04/17/2017,9255
1 AV,L,04/17/2017,15465
3 AV,L,04/17/2017,4652
49 ST,NQRW,04/17/2017,19514
5 AV/59 ST,NQRW,04/17/2017,16073
57 ST-7 AV,NQRW,04/17/2017,27035
59 ST,NRW,04/17/2017,15007
8 ST-NYU,NRW,04/17/2017,13179
PRINCE ST,NRW,04/17/2017,12127
RECTOR ST,NRW,04/17/2017,6209
72 ST-2 AVE,Q,04/17/2017,23334
86 ST-2 AVE,Q,04/17/2017,19482
96 ST-2 AVE,Q,04/17/2017,13929
WHITEHALL S-FRY,R1W,04/17/2017,17069
CORTLANDT ST,RNW,04/17/2017,18175
103 ST,1,04/18/2017,11877
116 ST-COLUMBIA,1,04/18/2017,15124
125 ST,1,04/18/2017,6498
137 ST CITY COL,1,04/18/2017,11747
157 ST,1,04/18/2017,10095
18 ST,1,04/18/2017,7295
181 ST,1,04/18/2017,10023
191 ST,1,04/18/2017,6987
207 ST,1,04/18/2017,5794
215 ST,1,04/18/2017,1852
28 ST,1,04/18/2017,14283
50 ST,1,04/18/2017,21456
66 ST-LINCOLN,1,04/18/2017,18588
79 ST,1,04/18/2017,14513
86 ST,1,04/18/2017,16695
CANAL ST,1,04/18/2017,5757
CHRISTOPHER ST,1,04/18/2017,12046
DYCKMAN ST,1,04/18/2017,6195
HOUSTON ST,1,04/18/2017,14571
RECTOR ST,1,04/18/2017,8958
TWENTY THIRD ST,1,04/18/2017,9255
145 ST,3,04/18/2017,3246
HARLEM 148 ST,3,04/18/2017,3442
103 ST,6,04/18/2017,12631
110 ST,6,04/18/2017,10366
116 ST,6,04/18/2017,13802
23 ST,6,04/18/2017,23171
28 ST,6,04/18/2017,21238
33 ST,6,04/18/2017,27803
51 ST,6,04/18/2017,19467
51 ST,6,04/18/2017,19467
68ST-HUNTER CO,6,04/18/2017,19704
96 ST,6,04/18/2017,17415
ASTOR PL,6,04/18/2017,15005
SPRING ST,6,04/18/2017,9164
34 ST-HUDSON YD,7,04/18/2017,11641
116 ST,23,04/18/2017,10404
125 ST,23,04/18/2017,13853
135 ST,23,04/18/2017,13374
CENTRAL PK N110,23,04/18/2017,8377
BOWLING GREEN,45,04/18/2017,28747
WALL ST,45,04/18/2017,19990
72 ST,123,04/18/2017,34472
96 ST,123,04/18/2017,32427
CHAMBERS ST,123,04/18/2017,17607
125 ST,456,04/18/2017,27024
86 ST,456,04/18/2017,41099
TIMES SQ-42 ST,1237ACENQRSW,04/18/2017,70499
59 ST COLUMBUS,1ABCD,04/18/2017,12921
168 ST,1AC,04/18/2017,12597
SOUTH FERRY,1RW,04/18/2017,14761
FULTON ST,2345ACJZ,04/18/2017,60134
PARK PLACE,23ACE,04/18/2017,3725
GRD CNTRL-42 ST,4567S,04/18/2017,145363
BROOKLYN BRIDGE,456JZ,04/18/2017,19918
14 ST-UNION SQ,456LNQRW,04/18/2017,26883
59 ST,456NQRW,04/18/2017,38165
175 ST,A,04/18/2017,12250
181 ST,A,04/18/2017,9828
190 ST,A,04/18/2017,4314
DYCKMAN ST,A,04/18/2017,6222
INWOOD-207 ST,A,04/18/2017,8721
145 ST,ABCD,04/18/2017,19798
W 4 ST-WASH SQ,ABCDEFM,04/18/2017,36379
125 ST,ACBD,04/18/2017,24353
CANAL ST,ACE,04/18/2017,17458
CANAL ST,ACE,04/18/2017,17458
CHAMBERS ST,ACE23,04/18/2017,27067
14 ST,ACEL,04/18/2017,16309
42 ST-PORT AUTH,ACENQRS1237W,04/18/2017,92742
FULTON ST,ACJZ2345,04/18/2017,27892
103 ST,BC,04/18/2017,4315
116 ST,BC,04/18/2017,6602
135 ST,BC,04/18/2017,4738
72 ST,BC,04/18/2017,8351
81 ST-MUSEUM,BC,04/18/2017,12841
86 ST,BC,04/18/2017,10078
96 ST,BC,04/18/2017,8876
CATHEDRAL PKWY,BC,04/18/2017,6988
155 ST,BD,04/18/2017,3312
GRAND ST,BD,04/18/2017,20717
7 AV,BDE,04/18/2017,16035
47-50 STS ROCK,BDFM,04/18/2017,52124
42 ST-BRYANT PK,BDFM7,04/18/2017,37012
34 ST-HERALD SQ,BDFMNQRW,04/18/2017,110171
B'WAY-LAFAYETTE,BDFQ6,04/18/2017,20152
163 ST-AMSTERDM,C,04/18/2017,4159
23 ST,CE,04/18/2017,20625
SPRING ST,CE,04/18/2017,10965
5 AV/53 ST,EM,04/18/2017,25853
57 ST,F,04/18/2017,13498
EAST BROADWAY,F,04/18/2017,11853
LEXINGTON AV/63,F,04/18/2017,16765
DELANCEY/ESSEX,FJMZ,04/18/2017,19819
14 ST,FLM123,04/18/2017,15163
14 ST,FLM123,04/18/2017,15163
6 AV,FLM123,04/18/2017,4723
23 ST,FM,04/18/2017,26672
CANAL ST,JNQRZ6W,04/18/2017,44159
BOWERY,JZ,04/18/2017,2902
BROAD ST,JZ,04/18/2017,7005
CHAMBERS ST,JZ456,04/18/2017,10448
1 AV,L,04/18/2017,16673
3 AV,L,04/18/2017,4982
49 ST,NQRW,04/18/2017,21700
5 AV/59 ST,NQRW,04/18/2017,17426
57 ST-7 AV,NQRW,04/18/2017,30202
59 ST,NRW,04/18/2017,15612
8 ST-NYU,NRW,04/18/2017,14730
PRINCE ST,NRW,04/18/2017,12833
RECTOR ST,NRW,04/18/2017,6529
72 ST-2 AVE,Q,04/18/2017,26015
86 ST-2 AVE,Q,04/18/2017,22132
96 ST-2 AVE,Q,04/18/2017,15078
WHITEHALL S-FRY,R1W,04/18/2017,17719
CORTLANDT ST,RNW,04/18/2017,18275
103 ST,1,04/19/2017,13069
116 ST-COLUMBIA,1,04/19/2017,15924
125 ST,1,04/19/2017,7106
137 ST CITY COL,1,04/19/2017,15166
157 ST,1,04/19/2017,10760
18 ST,1,04/19/2017,8305
181 ST,1,04/19/2017,11532
191 ST,1,04/19/2017,8422
207 ST,1,04/19/2017,6380
215 ST,1,04/19/2017,1957
28 ST,1,04/19/2017,15023
50 ST,1,04/19/2017,23328
66 ST-LINCOLN,1,04/19/2017,22644
79 ST,1,04/19/2017,15717
86 ST,1,04/19/2017,19022
CANAL ST,1,04/19/2017,5952
CHRISTOPHER ST,1,04/19/2017,12594
DYCKMAN ST,1,04/19/2017,6974
HOUSTON ST,1,04/19/2017,15387
RECTOR ST,1,04/19/2017,9461
TWENTY THIRD ST,1,04/19/2017,9177
145 ST,3,04/19/2017,3658
HARLEM 148 ST,3,04/19/2017,4102
103 ST,6,04/19/2017,14924
110 ST,6,04/19/2017,12202
116 ST,6,04/19/2017,16248
23 ST,6,04/19/2017,30373
28 ST,6,04/19/2017,22702
33 ST,6,04/19/2017,30325
51 ST,6,04/19/2017,20328
51 ST,6,04/19/2017,20328
68ST-HUNTER CO,6,04/19/2017,24598
96 ST,6,04/19/2017,20152
ASTOR PL,6,04/19/2017,15522
SPRING ST,6,04/19/2017,9584
34 ST-HUDSON YD,7,04/19/2017,8456
116 ST,23,04/19/2017,11552
125 ST,23,04/19/2017,15732
135 ST,23,04/19/2017,14538
CENTRAL PK N110,23,04/19/2017,9249
BOWLING GREEN,45,04/19/2017,30840
WALL ST,45,04/19/2017,21215
72 ST,123,04/19/2017,37147
96 ST,123,04/19/2017,36652
CHAMBERS ST,123,04/19/2017,22159
125 ST,456,04/19/2017,28708
86 ST,456,04/19/2017,43117
TIMES SQ-42 ST,1237ACENQRSW,04/19/2017,73627
59 ST COLUMBUS,1ABCD,04/19/2017,13962
168 ST,1AC,04/19/2017,13037
SOUTH FERRY,1RW,04/19/2017,14493
FULTON ST,2345ACJZ,04/19/2017,62564
PARK PLACE,23ACE,04/19/2017,3796
GRD CNTRL-42 ST,4567S,04/19/2017,150449
BROOKLYN BRIDGE,456JZ,04/19/2017,20668
14 ST-UNION SQ,456LNQRW,04/19/2017,28692
59 ST,456NQRW,04/19/2017,40508
175 ST,A,04/19/2017,13341
181 ST,A,04/19/2017,11419
190 ST,A,04/19/2017,4808
DYCKMAN ST,A,04/19/2017,6942
INWOOD-207 ST,A,04/19/2017,9596
145 ST,ABCD,04/19/2017,24451
W 4 ST-WASH SQ,ABCDEFM,04/19/2017,36754
125 ST,ACBD,04/19/2017,27806
CANAL ST,ACE,04/19/2017,18419
CANAL ST,ACE,04/19/2017,18419
CHAMBERS ST,ACE23,04/19/2017,31552
14 ST,ACEL,04/19/2017,19862
42 ST-PORT AUTH,ACENQRS1237W,04/19/2017,96469
FULTON ST,ACJZ2345,04/19/2017,28770
103 ST,BC,04/19/2017,4796
116 ST,BC,04/19/2017,7422
135 ST,BC,04/19/2017,6285
72 ST,BC,04/19/2017,8678
81 ST-MUSEUM,BC,04/19/2017,14165
86 ST,BC,04/19/2017,11081
96 ST,BC,04/19/2017,9931
CATHEDRAL PKWY,BC,04/19/2017,7628
155 ST,BD,04/19/2017,3825
GRAND ST,BD,04/19/2017,21883
7 AV,BDE,04/19/2017,17341
47-50 STS ROCK,BDFM,04/19/2017,57716
42 ST-BRYANT PK,BDFM7,04/19/2017,40072
34 ST-HERALD SQ,BDFMNQRW,04/19/2017,116297
B'WAY-LAFAYETTE,BDFQ6,04/19/2017,20345
163 ST-AMSTERDM,C,04/19/2017,4584
23 ST,CE,04/19/2017,22602
SPRING ST,CE,04/19/2017,11722
5 AV/53 ST,EM,04/19/2017,26849
57 ST,F,04/19/2017,14038
EAST BROADWAY,F,04/19/2017,13607
LEXINGTON AV/63,F,04/19/2017,19064
DELANCEY/ESSEX,FJMZ,04/19/2017,23903
14 ST,FLM123,04/19/2017,16643
14 ST,FLM123,04/19/2017,16643
6 AV,FLM123,04/19/2017,5100
23 ST,FM,04/19/2017,28784
CANAL ST,JNQRZ6W,04/19/2017,44062
BOWERY,JZ,04/19/2017,3084
BROAD ST,JZ,04/19/2017,7494
CHAMBERS ST,JZ456,04/19/2017,11648
1 AV,L,04/19/2017,19488
3 AV,L,04/19/2017,5283
49 ST,NQRW,04/19/2017,23142
5 AV/59 ST,NQRW,04/19/2017,16232
57 ST-7 AV,NQRW,04/19/2017,31024
59 ST,NRW,04/19/2017,17563
8 ST-NYU,NRW,04/19/2017,15295
PRINCE ST,NRW,04/19/2017,12794
RECTOR ST,NRW,04/19/2017,6829
72 ST-2 AVE,Q,04/19/2017,27654
86 ST-2 AVE,Q,04/19/2017,22881
96 ST-2 AVE,Q,04/19/2017,16942
WHITEHALL S-FRY,R1W,04/19/2017,18492
CORTLANDT ST,RNW,04/19/2017,18285
103 ST,1,04/20/2017,13148
116 ST-COLUMBIA,1,04/20/2017,16230
125 ST,1,04/20/2017,7093
137 ST CITY COL,1,04/20/2017,14761
157 ST,1,04/20/2017,10936
18 ST,1,04/20/2017,7890
181 ST,1,04/20/2017,11356
191 ST,1,04/20/2017,8181
207 ST,1,04/20/2017,6359
215 ST,1,04/20/2017,2028
28 ST,1,04/20/2017,14596
50 ST,1,04/20/2017,22363
66 ST-LINCOLN,1,04/20/2017,22278
79 ST,1,04/20/2017,15969
86 ST,1,04/20/2017,18907
CANAL ST,1,04/20/2017,6064
CHRISTOPHER ST,1,04/20/2017,13379
DYCKMAN ST,1,04/20/2017,7075
HOUSTON ST,1,04/20/2017,15189
RECTOR ST,1,04/20/2017,10062
TWENTY THIRD ST,1,04/20/2017,8960
145 ST,3,04/20/2017,3563
HARLEM 148 ST,3,04/20/2017,4028
103 ST,6,04/20/2017,14678
110 ST,6,04/20/2017,11985
116 ST,6,04/20/2017,16166
23 ST,6,04/20/2017,29169
28 ST,6,04/20/2017,22367
33 ST,6,04/20/2017,29900
51 ST,6,04/20/2017,19809
51 ST,6,04/20/2017,19809
68ST-HUNTER CO,6,04/20/2017,25904
96 ST,6,04/20/2017,19893
ASTOR PL,6,04/20/2017,15113
SPRING ST,6,04/20/2017,9240
34 ST-HUDSON YD,7,04/20/2017,10864
116 ST,23,04/20/2017,11434
125 ST,23,04/20/2017,14825
135 ST,23,04/20/2017,14361
CENTRAL PK N110,23,04/20/2017,9277
BOWLING GREEN,45,04/20/2017,30354
WALL ST,45,04/20/2017,20864
72 ST,123,04/20/2017,37288
96 ST,123,04/20/2017,37070
CHAMBERS ST,123,04/20/2017,22113
125 ST,456,04/20/2017,29301
86 ST,456,04/20/2017,43055
TIMES SQ-42 ST,1237ACENQRSW,04/20/2017,70557
59 ST COLUMBUS,1ABCD,04/20/2017,13893
168 ST,1AC,04/20/2017,12780
SOUTH FERRY,1RW,04/20/2017,14808
FULTON ST,2345ACJZ,04/20/2017,61822
PARK PLACE,23ACE,04/20/2017,3727
GRD CNTRL-42 ST,4567S,04/20/2017,148616
BROOKLYN BRIDGE,456JZ,04/20/2017,21183
14 ST-UNION SQ,456LNQRW,04/20/2017,28762
59 ST,456NQRW,04/20/2017,40358
175 ST,A,04/20/2017,13050
181 ST,A,04/20/2017,11728
190 ST,A,04/20/2017,4872
DYCKMAN ST,A,04/20/2017,6968
INWOOD-207 ST,A,04/20/2017,9651
145 ST,ABCD,04/20/2017,24136
W 4 ST-WASH SQ,ABCDEFM,04/20/2017,37248
125 ST,ACBD,04/20/2017,27571
CANAL ST,ACE,04/20/2017,18231
CANAL ST,ACE,04/20/2017,18231
CHAMBERS ST,ACE23,04/20/2017,31644
14 ST,ACEL,04/20/2017,19303
42 ST-PORT AUTH,ACENQRS1237W,04/20/2017,99691
FULTON ST,ACJZ2345,04/20/2017,29014
103 ST,BC,04/20/2017,4743
116 ST,BC,04/20/2017,7451
135 ST,BC,04/20/2017,6306
72 ST,BC,04/20/2017,8622
81 ST-MUSEUM,BC,04/20/2017,14477
86 ST,BC,04/20/2017,11025
96 ST,BC,04/20/2017,9861
CATHEDRAL PKWY,BC,04/20/2017,7663
155 ST,BD,04/20/2017,3807
GRAND ST,BD,04/20/2017,21613
7 AV,BDE,04/20/2017,16550
47-50 STS ROCK,BDFM,04/20/2017,55142
42 ST-BRYANT PK,BDFM7,04/20/2017,38230
34 ST-HERALD SQ,BDFMNQRW,04/20/2017,114285
B'WAY-LAFAYETTE,BDFQ6,04/20/2017,20152
163 ST-AMSTERDM,C,04/20/2017,4586
23 ST,CE,04/20/2017,22681
SPRING ST,CE,04/20/2017,11459
5 AV/53 ST,EM,04/20/2017,26337
57 ST,F,04/20/2017,14267
EAST BROADWAY,F,04/20/2017,13557
LEXINGTON AV/63,F,04/20/2017,19268
DELANCEY/ESSEX,FJMZ,04/20/2017,24364
14 ST,FLM123,04/20/2017,16447
14 ST,FLM123,04/20/2017,16447
6 AV,FLM123,04/20/2017,5089
23 ST,FM,04/20/2017,27995
CANAL ST,JNQRZ6W,04/20/2017,43355
BOWERY,JZ,04/20/2017,2916
BROAD ST,JZ,04/20/2017,7520
CHAMBERS ST,JZ456,04/20/2017,11065
1 AV,L,04/20/2017,19786
3 AV,L,04/20/2017,5277
49 ST,NQRW,04/20/2017,22201
5 AV/59 ST,NQRW,04/20/2017,16894
57 ST-7 AV,NQRW,04/20/2017,30763
59 ST,NRW,04/20/2017,17272
8 ST-NYU,NRW,04/20/2017,14851
PRINCE ST,NRW,04/20/2017,12075
RECTOR ST,NRW,04/20/2017,6814
72 ST-2 AVE,Q,04/20/2017,27660
86 ST-2 AVE,Q,04/20/2017,23294
96 ST-2 AVE,Q,04/20/2017,17365
WHITEHALL S-FRY,R1W,04/20/2017,17692
CORTLANDT ST,RNW,04/20/2017,18508
103 ST,1,04/21/2017,13169
116 ST-COLUMBIA,1,04/21/2017,16197
125 ST,1,04/21/2017,7344
137 ST CITY COL,1,04/21/2017,14182
157 ST,1,04/21/2017,11034
18 ST,1,04/21/2017,8191
181 ST,1,04/21/2017,11609
191 ST,1,04/21/2017,8340
207 ST,1,04/21/2017,6668
215 ST,1,04/21/2017,1950
28 ST,1,04/21/2017,14187
50 ST,1,04/21/2017,27430
66 ST-LINCOLN,1,04/21/2017,22362
79 ST,1,04/21/2017,361704
86 ST,1,04/21/2017,18861
CANAL ST,1,04/21/2017,6077
CHRISTOPHER ST,1,04/21/2017,13383
DYCKMAN ST,1,04/21/2017,7179
HOUSTON ST,1,04/21/2017,14836
RECTOR ST,1,04/21/2017,9946
TWENTY THIRD ST,1,04/21/2017,8723
145 ST,3,04/21/2017,3742
HARLEM 148 ST,3,04/21/2017,4172
103 ST,6,04/21/2017,14486
110 ST,6,04/21/2017,12103
116 ST,6,04/21/2017,16021
23 ST,6,04/21/2017,25847
28 ST,6,04/21/2017,21304
33 ST,6,04/21/2017,28780
51 ST,6,04/21/2017,21192
51 ST,6,04/21/2017,21192
68ST-HUNTER CO,6,04/21/2017,23378
96 ST,6,04/21/2017,18865
ASTOR PL,6,04/21/2017,15442
SPRING ST,6,04/21/2017,10673
34 ST-HUDSON YD,7,04/21/2017,10968
116 ST,23,04/21/2017,11780
125 ST,23,04/21/2017,15757
135 ST,23,04/21/2017,14360
CENTRAL PK N110,23,04/21/2017,9261
BOWLING GREEN,45,04/21/2017,28783
WALL ST,45,04/21/2017,19438
72 ST,123,04/21/2017,38075
96 ST,123,04/21/2017,37532
CHAMBERS ST,123,04/21/2017,21162
125 ST,456,04/21/2017,28431
86 ST,456,04/21/2017,43347
TIMES SQ-42 ST,1237ACENQRSW,04/21/2017,73082
59 ST COLUMBUS,1ABCD,04/21/2017,14452
168 ST,1AC,04/21/2017,12008
SOUTH FERRY,1RW,04/21/2017,13997
FULTON ST,2345ACJZ,04/21/2017,60753
PARK PLACE,23ACE,04/21/2017,3459
GRD CNTRL-42 ST,4567S,04/21/2017,146735
BROOKLYN BRIDGE,456JZ,04/21/2017,19217
14 ST-UNION SQ,456LNQRW,04/21/2017,29478
59 ST,456NQRW,04/21/2017,41723
175 ST,A,04/21/2017,12791
181 ST,A,04/21/2017,11106
190 ST,A,04/21/2017,4574
DYCKMAN ST,A,04/21/2017,6710
INWOOD-207 ST,A,04/21/2017,9322
145 ST,ABCD,04/21/2017,22203
W 4 ST-WASH SQ,ABCDEFM,04/21/2017,35595
125 ST,ACBD,04/21/2017,26111
CANAL ST,ACE,04/21/2017,17240
CANAL ST,ACE,04/21/2017,17240
CHAMBERS ST,ACE23,04/21/2017,28284
14 ST,ACEL,04/21/2017,18868
42 ST-PORT AUTH,ACENQRS1237W,04/21/2017,96510
FULTON ST,ACJZ2345,04/21/2017,27890
103 ST,BC,04/21/2017,4608
116 ST,BC,04/21/2017,6932
135 ST,BC,04/21/2017,5602
72 ST,BC,04/21/2017,7553
81 ST-MUSEUM,BC,04/21/2017,13338
86 ST,BC,04/21/2017,9691
96 ST,BC,04/21/2017,8628
CATHEDRAL PKWY,BC,04/21/2017,7218
155 ST,BD,04/21/2017,3652
GRAND ST,BD,04/21/2017,20442
7 AV,BDE,04/21/2017,1364
47-50 STS ROCK,BDFM,04/21/2017,52972
42 ST-BRYANT PK,BDFM7,04/21/2017,35585
34 ST-HERALD SQ,BDFMNQRW,04/21/2017,112904
B'WAY-LAFAYETTE,BDFQ6,04/21/2017,19924
163 ST-AMSTERDM,C,04/21/2017,4462
23 ST,CE,04/21/2017,20535
SPRING ST,CE,04/21/2017,10411
5 AV/53 ST,EM,04/21/2017,24198
57 ST,F,04/21/2017,14227
EAST BROADWAY,F,04/21/2017,12844
LEXINGTON AV/63,F,04/21/2017,18718
DELANCEY/ESSEX,FJMZ,04/21/2017,24797
14 ST,FLM123,04/21/2017,15580
14 ST,FLM123,04/21/2017,15580
6 AV,FLM123,04/21/2017,4977
23 ST,FM,04/21/2017,25312
CANAL ST,JNQRZ6W,04/21/2017,47209
BOWERY,JZ,04/21/2017,3252
BROAD ST,JZ,04/21/2017,7180
CHAMBERS ST,JZ456,04/21/2017,10533
1 AV,L,04/21/2017,19871
3 AV,L,04/21/2017,5545
49 ST,NQRW,04/21/2017,24636
5 AV/59 ST,NQRW,04/21/2017,16260
57 ST-7 AV,NQRW,04/21/2017,33428
59 ST,NRW,04/21/2017,16988
8 ST-NYU,NRW,04/21/2017,15688
PRINCE ST,NRW,04/21/2017,14130
RECTOR ST,NRW,04/21/2017,6580
72 ST-2 AVE,Q,04/21/2017,26488
86 ST-2 AVE,Q,04/21/2017,22994
96 ST-2 AVE,Q,04/21/2017,16603
WHITEHALL S-FRY,R1W,04/21/2017,17179
CORTLANDT ST,RNW,04/21/2017,18941
103 ST,1,04/22/2017,9718
116 ST-COLUMBIA,1,04/22/2017,10197
125 ST,1,04/22/2017,5521
137 ST CITY COL,1,04/22/2017,8644
157 ST,1,04/22/2017,7889
18 ST,1,04/22/2017,3975
181 ST,1,04/22/2017,7775
191 ST,1,04/22/2017,5417
207 ST,1,04/22/2017,4610
215 ST,1,04/22/2017,1164
28 ST,1,04/22/2017,6460
50 ST,1,04/22/2017,12770
66 ST-LINCOLN,1,04/22/2017,15352
79 ST,1,04/22/2017,13472
86 ST,1,04/22/2017,13266
CANAL ST,1,04/22/2017,2297
CHRISTOPHER ST,1,04/22/2017,8196
DYCKMAN ST,1,04/22/2017,4879
HOUSTON ST,1,04/22/2017,3757
RECTOR ST,1,04/22/2017,4
TWENTY THIRD ST,1,04/22/2017,3278
145 ST,3,04/22/2017,1946
HARLEM 148 ST,3,04/22/2017,2274
103 ST,6,04/22/2017,7986
110 ST,6,04/22/2017,6931
116 ST,6,04/22/2017,10115
23 ST,6,04/22/2017,12877
28 ST,6,04/22/2017,9730
33 ST,6,04/22/2017,13820
51 ST,6,04/22/2017,9850
51 ST,6,04/22/2017,9850
68ST-HUNTER CO,6,04/22/2017,9488
96 ST,6,04/22/2017,8395
ASTOR PL,6,04/22/2017,10055
SPRING ST,6,04/22/2017,7978
34 ST-HUDSON YD,7,04/22/2017,10807
116 ST,23,04/22/2017,8445
125 ST,23,04/22/2017,10206
135 ST,23,04/22/2017,9049
CENTRAL PK N110,23,04/22/2017,6475
BOWLING GREEN,45,04/22/2017,46
WALL ST,45,04/22/2017,6
72 ST,123,04/22/2017,29740
96 ST,123,04/22/2017,25336
CHAMBERS ST,123,04/22/2017,10314
125 ST,456,04/22/2017,14650
86 ST,456,04/22/2017,22391
TIMES SQ-42 ST,1237ACENQRSW,04/22/2017,49330
59 ST COLUMBUS,1ABCD,04/22/2017,9643
168 ST,1AC,04/22/2017,4983
SOUTH FERRY,1RW,04/22/2017,6
FULTON ST,2345ACJZ,04/22/2017,16363
PARK PLACE,23ACE,04/22/2017,1548
GRD CNTRL-42 ST,4567S,04/22/2017,54785
BROOKLYN BRIDGE,456JZ,04/22/2017,10618
14 ST-UNION SQ,456LNQRW,04/22/2017,20014
59 ST,456NQRW,04/22/2017,21378
175 ST,A,04/22/2017,7673
181 ST,A,04/22/2017,7079
190 ST,A,04/22/2017,2850
DYCKMAN ST,A,04/22/2017,4364
INWOOD-207 ST,A,04/22/2017,5718
145 ST,ABCD,04/22/2017,15182
W 4 ST-WASH SQ,ABCDEFM,04/22/2017,26628
125 ST,ACBD,04/22/2017,18151
CANAL ST,ACE,04/22/2017,6342
CANAL ST,ACE,04/22/2017,6342
CHAMBERS ST,ACE23,04/22/2017,8081
14 ST,ACEL,04/22/2017,10779
42 ST-PORT AUTH,ACENQRS1237W,04/22/2017,55360
FULTON ST,ACJZ2345,04/22/2017,7596
103 ST,BC,04/22/2017,1510
116 ST,BC,04/22/2017,1879
135 ST,BC,04/22/2017,2695
72 ST,BC,04/22/2017,1934
81 ST-MUSEUM,BC,04/22/2017,3836
86 ST,BC,04/22/2017,2012
96 ST,BC,04/22/2017,1863
CATHEDRAL PKWY,BC,04/22/2017,2298
155 ST,BD,04/22/2017,2324
GRAND ST,BD,04/22/2017,15060
7 AV,BDE,04/22/2017,5420
47-50 STS ROCK,BDFM,04/22/2017,19148
42 ST-BRYANT PK,BDFM7,04/22/2017,14463
34 ST-HERALD SQ,BDFMNQRW,04/22/2017,64274
B'WAY-LAFAYETTE,BDFQ6,04/22/2017,12296
163 ST-AMSTERDM,C,04/22/2017,2998
23 ST,CE,04/22/2017,13762
SPRING ST,CE,04/22/2017,4354
5 AV/53 ST,EM,04/22/2017,0
57 ST,F,04/22/2017,8788
EAST BROADWAY,F,04/22/2017,8581
LEXINGTON AV/63,F,04/22/2017,12230
DELANCEY/ESSEX,FJMZ,04/22/2017,16058
14 ST,FLM123,04/22/2017,9717
14 ST,FLM123,04/22/2017,9717
6 AV,FLM123,04/22/2017,4347
23 ST,FM,04/22/2017,14251
CANAL ST,JNQRZ6W,04/22/2017,36638
BOWERY,JZ,04/22/2017,2919
BROAD ST,JZ,04/22/2017,3010
CHAMBERS ST,JZ456,04/22/2017,2947
1 AV,L,04/22/2017,14840
3 AV,L,04/22/2017,4960
49 ST,NQRW,04/22/2017,17127
5 AV/59 ST,NQRW,04/22/2017,9721
57 ST-7 AV,NQRW,04/22/2017,21708
59 ST,NRW,04/22/2017,10184
8 ST-NYU,NRW,04/22/2017,13047
PRINCE ST,NRW,04/22/2017,12609
RECTOR ST,NRW,04/22/2017,7641
72 ST-2 AVE,Q,04/22/2017,14871
86 ST-2 AVE,Q,04/22/2017,18323
96 ST-2 AVE,Q,04/22/2017,11102
WHITEHALL S-FRY,R1W,04/22/2017,17128
CORTLANDT ST,RNW,04/22/2017,16863
103 ST,1,04/23/2017,7849
116 ST-COLUMBIA,1,04/23/2017,7126
125 ST,1,04/23/2017,4356
137 ST CITY COL,1,04/23/2017,6988
157 ST,1,04/23/2017,6522
18 ST,1,04/23/2017,2673
181 ST,1,04/23/2017,6628
191 ST,1,04/23/2017,4678
207 ST,1,04/23/2017,3731
215 ST,1,04/23/2017,974
28 ST,1,04/23/2017,4517
50 ST,1,04/23/2017,8991
66 ST-LINCOLN,1,04/23/2017,10380
79 ST,1,04/23/2017,10547
86 ST,1,04/23/2017,10640
CANAL ST,1,04/23/2017,1797
CHRISTOPHER ST,1,04/23/2017,7374
DYCKMAN ST,1,04/23/2017,4195
HOUSTON ST,1,04/23/2017,2794
RECTOR ST,1,04/23/2017,8
TWENTY THIRD ST,1,04/23/2017,2321
145 ST,3,04/23/2017,1535
HARLEM 148 ST,3,04/23/2017,1725
103 ST,6,04/23/2017,6254
110 ST,6,04/23/2017,5309
116 ST,6,04/23/2017,8587
23 ST,6,04/23/2017,7576
28 ST,6,04/23/2017,7057
33 ST,6,04/23/2017,9452
51 ST,6,04/23/2017,7148
51 ST,6,04/23/2017,7148
68ST-HUNTER CO,6,04/23/2017,7391
96 ST,6,04/23/2017,6477
ASTOR PL,6,04/23/2017,8061
SPRING ST,6,04/23/2017,5892
34 ST-HUDSON YD,7,04/23/2017,9207
116 ST,23,04/23/2017,7480
125 ST,23,04/23/2017,8867
135 ST,23,04/23/2017,7587
CENTRAL PK N110,23,04/23/2017,5732
BOWLING GREEN,45,04/23/2017,15
WALL ST,45,04/23/2017,1
72 ST,123,04/23/2017,25642
96 ST,123,04/23/2017,22169
CHAMBERS ST,123,04/23/2017,8184
125 ST,456,04/23/2017,11712
86 ST,456,04/23/2017,16940
TIMES SQ-42 ST,1237ACENQRSW,04/23/2017,38223
59 ST COLUMBUS,1ABCD,04/23/2017,7160
168 ST,1AC,04/23/2017,4206
SOUTH FERRY,1RW,04/23/2017,6
FULTON ST,2345ACJZ,04/23/2017,13904
PARK PLACE,23ACE,04/23/2017,1404
GRD CNTRL-42 ST,4567S,04/23/2017,37075
BROOKLYN BRIDGE,456JZ,04/23/2017,9183
14 ST-UNION SQ,456LNQRW,04/23/2017,15464
59 ST,456NQRW,04/23/2017,16367
175 ST,A,04/23/2017,6058
181 ST,A,04/23/2017,6021
190 ST,A,04/23/2017,2585
DYCKMAN ST,A,04/23/2017,3662
INWOOD-207 ST,A,04/23/2017,4324
145 ST,ABCD,04/23/2017,12406
W 4 ST-WASH SQ,ABCDEFM,04/23/2017,22695
125 ST,ACBD,04/23/2017,15681
CANAL ST,ACE,04/23/2017,4244
CANAL ST,ACE,04/23/2017,4244
CHAMBERS ST,ACE23,04/23/2017,5507
14 ST,ACEL,04/23/2017,7666
42 ST-PORT AUTH,ACENQRS1237W,04/23/2017,43023
FULTON ST,ACJZ2345,04/23/2017,5375
103 ST,BC,04/23/2017,1315
116 ST,BC,04/23/2017,1479
135 ST,BC,04/23/2017,2074
72 ST,BC,04/23/2017,1921
81 ST-MUSEUM,BC,04/23/2017,2864
86 ST,BC,04/23/2017,1805
96 ST,BC,04/23/2017,1661
CATHEDRAL PKWY,BC,04/23/2017,1786
155 ST,BD,04/23/2017,2043
GRAND ST,BD,04/23/2017,13510
7 AV,BDE,04/23/2017,3547
47-50 STS ROCK,BDFM,04/23/2017,14279
42 ST-BRYANT PK,BDFM7,04/23/2017,11455
34 ST-HERALD SQ,BDFMNQRW,04/23/2017,50895
B'WAY-LAFAYETTE,BDFQ6,04/23/2017,9888
163 ST-AMSTERDM,C,04/23/2017,2415
23 ST,CE,04/23/2017,9565
SPRING ST,CE,04/23/2017,3133
5 AV/53 ST,EM,04/23/2017,2
57 ST,F,04/23/2017,7567
EAST BROADWAY,F,04/23/2017,7634
LEXINGTON AV/63,F,04/23/2017,9676
DELANCEY/ESSEX,FJMZ,04/23/2017,13704
14 ST,FLM123,04/23/2017,7453
14 ST,FLM123,04/23/2017,7453
6 AV,FLM123,04/23/2017,3188
23 ST,FM,04/23/2017,9008
CANAL ST,JNQRZ6W,04/23/2017,30350
BOWERY,JZ,04/23/2017,2753
BROAD ST,JZ,04/23/2017,2407
CHAMBERS ST,JZ456,04/23/2017,2440
1 AV,L,04/23/2017,11744
3 AV,L,04/23/2017,4128
49 ST,NQRW,04/23/2017,12750
5 AV/59 ST,NQRW,04/23/2017,10307
57 ST-7 AV,NQRW,04/23/2017,17122
59 ST,NRW,04/23/2017,8372
8 ST-NYU,NRW,04/23/2017,9999
PRINCE ST,NRW,04/23/2017,9924
RECTOR ST,NRW,04/23/2017,5438
72 ST-2 AVE,Q,04/23/2017,10821
86 ST-2 AVE,Q,04/23/2017,13380
96 ST-2 AVE,Q,04/23/2017,8647
WHITEHALL S-FRY,R1W,04/23/2017,14363
CORTLANDT ST,RNW,04/23/2017,14189
103 ST,1,04/24/2017,12088
116 ST-COLUMBIA,1,04/24/2017,14860
125 ST,1,04/24/2017,6712
137 ST CITY COL,1,04/24/2017,14417
157 ST,1,04/24/2017,10357
18 ST,1,04/24/2017,7508
181 ST,1,04/24/2017,11313
191 ST,1,04/24/2017,8277
207 ST,1,04/24/2017,6224
215 ST,1,04/24/2017,1943
28 ST,1,04/24/2017,13815
50 ST,1,04/24/2017,21752
66 ST-LINCOLN,1,04/24/2017,20708
79 ST,1,04/24/2017,14391
86 ST,1,04/24/2017,18125
CANAL ST,1,04/24/2017,5665
CHRISTOPHER ST,1,04/24/2017,12136
DYCKMAN ST,1,04/24/2017,6928
HOUSTON ST,1,04/24/2017,14282
RECTOR ST,1,04/24/2017,9017
TWENTY THIRD ST,1,04/24/2017,9430
145 ST,3,04/24/2017,3363
HARLEM 148 ST,3,04/24/2017,4019
103 ST,6,04/24/2017,14190
110 ST,6,04/24/2017,11749
116 ST,6,04/24/2017,15776
23 ST,6,04/24/2017,28011
28 ST,6,04/24/2017,20780
33 ST,6,04/24/2017,27041
51 ST,6,04/24/2017,18186
51 ST,6,04/24/2017,18186
68ST-HUNTER CO,6,04/24/2017,25301
96 ST,6,04/24/2017,19082
ASTOR PL,6,04/24/2017,14170
SPRING ST,6,04/24/2017,8365
34 ST-HUDSON YD,7,04/24/2017,8831
116 ST,23,04/24/2017,11230
125 ST,23,04/24/2017,15216
135 ST,23,04/24/2017,14300
CENTRAL PK N110,23,04/24/2017,8915
BOWLING GREEN,45,04/24/2017,29792
WALL ST,45,04/24/2017,19534
72 ST,123,04/24/2017,35605
96 ST,123,04/24/2017,35359
CHAMBERS ST,123,04/24/2017,22306
125 ST,456,04/24/2017,28821
86 ST,456,04/24/2017,40697
TIMES SQ-42 ST,1237ACENQRSW,04/24/2017,67588
59 ST COLUMBUS,1ABCD,04/24/2017,13082
168 ST,1AC,04/24/2017,12161
SOUTH FERRY,1RW,04/24/2017,14387
FULTON ST,2345ACJZ,04/24/2017,59790
PARK PLACE,23ACE,04/24/2017,3682
GRD CNTRL-42 ST,4567S,04/24/2017,140167
BROOKLYN BRIDGE,456JZ,04/24/2017,20338
14 ST-UNION SQ,456LNQRW,04/24/2017,28271
59 ST,456NQRW,04/24/2017,37941
175 ST,A,04/24/2017,12680
181 ST,A,04/24/2017,10996
190 ST,A,04/24/2017,4632
DYCKMAN ST,A,04/24/2017,6691
INWOOD-207 ST,A,04/24/2017,9254
145 ST,ABCD,04/24/2017,23014
W 4 ST-WASH SQ,ABCDEFM,04/24/2017,33594
125 ST,ACBD,04/24/2017,26345
CANAL ST,ACE,04/24/2017,17250
CANAL ST,ACE,04/24/2017,17250
CHAMBERS ST,ACE23,04/24/2017,31269
14 ST,ACEL,04/24/2017,18466
42 ST-PORT AUTH,ACENQRS1237W,04/24/2017,91540
FULTON ST,ACJZ2345,04/24/2017,27361
103 ST,BC,04/24/2017,4633
116 ST,BC,04/24/2017,7039
135 ST,BC,04/24/2017,5922
72 ST,BC,04/24/2017,7605
81 ST-MUSEUM,BC,04/24/2017,11167
86 ST,BC,04/24/2017,10489
96 ST,BC,04/24/2017,9297
CATHEDRAL PKWY,BC,04/24/2017,6999
155 ST,BD,04/24/2017,3710
GRAND ST,BD,04/24/2017,20810
7 AV,BDE,04/24/2017,15196
47-50 STS ROCK,BDFM,04/24/2017,51667
42 ST-BRYANT PK,BDFM7,04/24/2017,36393
34 ST-HERALD SQ,BDFMNQRW,04/24/2017,107729
B'WAY-LAFAYETTE,BDFQ6,04/24/2017,18986
163 ST-AMSTERDM,C,04/24/2017,4356
23 ST,CE,04/24/2017,21332
SPRING ST,CE,04/24/2017,10903
5 AV/53 ST,EM,04/24/2017,24511
57 ST,F,04/24/2017,13026
EAST BROADWAY,F,04/24/2017,13739
LEXINGTON AV/63,F,04/24/2017,19252
DELANCEY/ESSEX,FJMZ,04/24/2017,23256
14 ST,FLM123,04/24/2017,15825
14 ST,FLM123,04/24/2017,15825
6 AV,FLM123,04/24/2017,4787
23 ST,FM,04/24/2017,27198
CANAL ST,JNQRZ6W,04/24/2017,43680
BOWERY,JZ,04/24/2017,3073
BROAD ST,JZ,04/24/2017,7574
CHAMBERS ST,JZ456,04/24/2017,11100
1 AV,L,04/24/2017,18351
3 AV,L,04/24/2017,5218
49 ST,NQRW,04/24/2017,20655
5 AV/59 ST,NQRW,04/24/2017,15121
57 ST-7 AV,NQRW,04/24/2017,29502
59 ST,NRW,04/24/2017,17359
8 ST-NYU,NRW,04/24/2017,13972
PRINCE ST,NRW,04/24/2017,11830
RECTOR ST,NRW,04/24/2017,6908
72 ST-2 AVE,Q,04/24/2017,25969
86 ST-2 AVE,Q,04/24/2017,21643
96 ST-2 AVE,Q,04/24/2017,16141
WHITEHALL S-FRY,R1W,04/24/2017,17649
CORTLANDT ST,RNW,04/24/2017,17949
103 ST,1,04/25/2017,12808
116 ST-COLUMBIA,1,04/25/2017,15777
125 ST,1,04/25/2017,6682
137 ST CITY COL,1,04/25/2017,14714
157 ST,1,04/25/2017,10066
18 ST,1,04/25/2017,8210
181 ST,1,04/25/2017,10680
191 ST,1,04/25/2017,7808
207 ST,1,04/25/2017,5911
215 ST,1,04/25/2017,2048
28 ST,1,04/25/2017,15674
50 ST,1,04/25/2017,22361
66 ST-LINCOLN,1,04/25/2017,23824
79 ST,1,04/25/2017,16674150
86 ST,1,04/25/2017,16685
CANAL ST,1,04/25/2017,6392
CHRISTOPHER ST,1,04/25/2017,11533
DYCKMAN ST,1,04/25/2017,6213
HOUSTON ST,1,04/25/2017,15988
RECTOR ST,1,04/25/2017,9172
TWENTY THIRD ST,1,04/25/2017,9841
145 ST,3,04/25/2017,3365
HARLEM 148 ST,3,04/25/2017,3974
103 ST,6,04/25/2017,14254
110 ST,6,04/25/2017,11741
116 ST,6,04/25/2017,15787
23 ST,6,04/25/2017,31651
28 ST,6,04/25/2017,23296
33 ST,6,04/25/2017,30613
51 ST,6,04/25/2017,20410
51 ST,6,04/25/2017,20410
68ST-HUNTER CO,6,04/25/2017,27739
96 ST,6,04/25/2017,19787
ASTOR PL,6,04/25/2017,16038
SPRING ST,6,04/25/2017,9017
34 ST-HUDSON YD,7,04/25/2017,8727
116 ST,23,04/25/2017,11295
125 ST,23,04/25/2017,14569
135 ST,23,04/25/2017,14330
CENTRAL PK N110,23,04/25/2017,8923
BOWLING GREEN,45,04/25/2017,28941
WALL ST,45,04/25/2017,21255
72 ST,123,04/25/2017,35176
96 ST,123,04/25/2017,35673
CHAMBERS ST,123,04/25/2017,21496
125 ST,456,04/25/2017,27799
86 ST,456,04/25/2017,43817
TIMES SQ-42 ST,1237ACENQRSW,04/25/2017,69045
59 ST COLUMBUS,1ABCD,04/25/2017,14050
168 ST,1AC,04/25/2017,13318
SOUTH FERRY,1RW,04/25/2017,13655
FULTON ST,2345ACJZ,04/25/2017,65872
PARK PLACE,23ACE,04/25/2017,3482
GRD CNTRL-42 ST,4567S,04/25/2017,159449
BROOKLYN BRIDGE,456JZ,04/25/2017,19178
14 ST-UNION SQ,456LNQRW,04/25/2017,27270
59 ST,456NQRW,04/25/2017,38874
175 ST,A,04/25/2017,12849
181 ST,A,04/25/2017,11764
190 ST,A,04/25/2017,4988
DYCKMAN ST,A,04/25/2017,7163
INWOOD-207 ST,A,04/25/2017,9683
145 ST,ABCD,04/25/2017,23278
W 4 ST-WASH SQ,ABCDEFM,04/25/2017,35326
125 ST,ACBD,04/25/2017,25885
CANAL ST,ACE,04/25/2017,18383
CANAL ST,ACE,04/25/2017,18383
CHAMBERS ST,ACE23,04/25/2017,32028
14 ST,ACEL,04/25/2017,21121
42 ST-PORT AUTH,ACENQRS1237W,04/25/2017,98888
FULTON ST,ACJZ2345,04/25/2017,25013
103 ST,BC,04/25/2017,4524
116 ST,BC,04/25/2017,7148
135 ST,BC,04/25/2017,5987
72 ST,BC,04/25/2017,7908
81 ST-MUSEUM,BC,04/25/2017,15418
86 ST,BC,04/25/2017,10819
96 ST,BC,04/25/2017,9460
CATHEDRAL PKWY,BC,04/25/2017,7178
155 ST,BD,04/25/2017,3661
GRAND ST,BD,04/25/2017,20226
7 AV,BDE,04/25/2017,17418
47-50 STS ROCK,BDFM,04/25/2017,59241
42 ST-BRYANT PK,BDFM7,04/25/2017,37863
34 ST-HERALD SQ,BDFMNQRW,04/25/2017,111296
B'WAY-LAFAYETTE,BDFQ6,04/25/2017,19815
163 ST-AMSTERDM,C,04/25/2017,4598
23 ST,CE,04/25/2017,23423
SPRING ST,CE,04/25/2017,12104
5 AV/53 ST,EM,04/25/2017,29096
57 ST,F,04/25/2017,14063
EAST BROADWAY,F,04/25/2017,13532
LEXINGTON AV/63,F,04/25/2017,18503
DELANCEY/ESSEX,FJMZ,04/25/2017,23295
14 ST,FLM123,04/25/2017,16578
14 ST,FLM123,04/25/2017,16578
6 AV,FLM123,04/25/2017,5010
23 ST,FM,04/25/2017,28382
CANAL ST,JNQRZ6W,04/25/2017,40651
BOWERY,JZ,04/25/2017,2735
BROAD ST,JZ,04/25/2017,7554
CHAMBERS ST,JZ456,04/25/2017,12113
1 AV,L,04/25/2017,19238
3 AV,L,04/25/2017,5435
49 ST,NQRW,04/25/2017,22094
5 AV/59 ST,NQRW,04/25/2017,16449
57 ST-7 AV,NQRW,04/25/2017,30131
59 ST,NRW,04/25/2017,17303
8 ST-NYU,NRW,04/25/2017,15501
PRINCE ST,NRW,04/25/2017,12040
RECTOR ST,NRW,04/25/2017,6566
72 ST-2 AVE,Q,04/25/2017,28236
86 ST-2 AVE,Q,04/25/2017,22941
96 ST-2 AVE,Q,04/25/2017,16544
WHITEHALL S-FRY,R1W,04/25/2017,18109
CORTLANDT ST,RNW,04/25/2017,18752
103 ST,1,04/26/2017,13061
116 ST-COLUMBIA,1,04/26/2017,15095
125 ST,1,04/26/2017,6995
137 ST CITY COL,1,04/26/2017,15016
157 ST,1,04/26/2017,10873
18 ST,1,04/26/2017,8088
181 ST,1,04/26/2017,11464
191 ST,1,04/26/2017,8418
207 ST,1,04/26/2017,6349
215 ST,1,04/26/2017,1998
28 ST,1,04/26/2017,14745
50 ST,1,04/26/2017,23438
66 ST-LINCOLN,1,04/26/2017,22998
79 ST,1,04/26/2017,15575
86 ST,1,04/26/2017,19246
CANAL ST,1,04/26/2017,6152
CHRISTOPHER ST,1,04/26/2017,12523
DYCKMAN ST,1,04/26/2017,6977
HOUSTON ST,1,04/26/2017,15027
RECTOR ST,1,04/26/2017,9504
TWENTY THIRD ST,1,04/26/2017,8938
145 ST,3,04/26/2017,3518
HARLEM 148 ST,3,04/26/2017,4090
103 ST,6,04/26/2017,15000
110 ST,6,04/26/2017,12103
116 ST,6,04/26/2017,16362
23 ST,6,04/26/2017,29738
28 ST,6,04/26/2017,100387456
33 ST,6,04/26/2017,29537
51 ST,6,04/26/2017,19295
51 ST,6,04/26/2017,19295
68ST-HUNTER CO,6,04/26/2017,25129
96 ST,6,04/26/2017,19876
ASTOR PL,6,04/26/2017,14552
SPRING ST,6,04/26/2017,9106
34 ST-HUDSON YD,7,04/26/2017,8928
116 ST,23,04/26/2017,11850
125 ST,23,04/26/2017,15280
135 ST,23,04/26/2017,14498
CENTRAL PK N110,23,04/26/2017,9252
BOWLING GREEN,45,04/26/2017,30333
WALL ST,45,04/26/2017,20817
72 ST,123,04/26/2017,37428
96 ST,123,04/26/2017,37162
CHAMBERS ST,123,04/26/2017,22683
125 ST,456,04/26/2017,28744
86 ST,456,04/26/2017,43458
TIMES SQ-42 ST,1237ACENQRSW,04/26/2017,70446
59 ST COLUMBUS,1ABCD,04/26/2017,14061
168 ST,1AC,04/26/2017,12855
SOUTH FERRY,1RW,04/26/2017,13928
FULTON ST,2345ACJZ,04/26/2017,62220
PARK PLACE,23ACE,04/26/2017,3641
GRD CNTRL-42 ST,4567S,04/26/2017,150202
BROOKLYN BRIDGE,456JZ,04/26/2017,20565
14 ST-UNION SQ,456LNQRW,04/26/2017,28720
59 ST,456NQRW,04/26/2017,40199
175 ST,A,04/26/2017,13119
181 ST,A,04/26/2017,11489
190 ST,A,04/26/2017,4829
DYCKMAN ST,A,04/26/2017,6871
INWOOD-207 ST,A,04/26/2017,9626
145 ST,ABCD,04/26/2017,24091
W 4 ST-WASH SQ,ABCDEFM,04/26/2017,36608
125 ST,ACBD,04/26/2017,26999
CANAL ST,ACE,04/26/2017,18079
CANAL ST,ACE,04/26/2017,18079
CHAMBERS ST,ACE23,04/26/2017,31859
14 ST,ACEL,04/26/2017,19004
42 ST-PORT AUTH,ACENQRS1237W,04/26/2017,99682
FULTON ST,ACJZ2345,04/26/2017,28072
103 ST,BC,04/26/2017,4746
116 ST,BC,04/26/2017,7375
135 ST,BC,04/26/2017,6286
72 ST,BC,04/26/2017,8221
81 ST-MUSEUM,BC,04/26/2017,13236
96 ST,BC,04/26/2017,9786
CATHEDRAL PKWY,BC,04/26/2017,7595
155 ST,BD,04/26/2017,3817
GRAND ST,BD,04/26/2017,21055
7 AV,BDE,04/26/2017,16638
47-50 STS ROCK,BDFM,04/26/2017,54822
42 ST-BRYANT PK,BDFM7,04/26/2017,37537
34 ST-HERALD SQ,BDFMNQRW,04/26/2017,114284
B'WAY-LAFAYETTE,BDFQ6,04/26/2017,20070
163 ST-AMSTERDM,C,04/26/2017,4575
23 ST,CE,04/26/2017,22800
SPRING ST,CE,04/26/2017,11533
5 AV/53 ST,EM,04/26/2017,25962
57 ST,F,04/26/2017,13972
EAST BROADWAY,F,04/26/2017,13767
LEXINGTON AV/63,F,04/26/2017,19109
DELANCEY/ESSEX,FJMZ,04/26/2017,24195
14 ST,FLM123,04/26/2017,16508
14 ST,FLM123,04/26/2017,16508
6 AV,FLM123,04/26/2017,5099
23 ST,FM,04/26/2017,28324
CANAL ST,JNQRZ6W,04/26/2017,136403
BOWERY,JZ,04/26/2017,3056
BROAD ST,JZ,04/26/2017,7602
CHAMBERS ST,JZ456,04/26/2017,12006
1 AV,L,04/26/2017,19856
3 AV,L,04/26/2017,5261
49 ST,NQRW,04/26/2017,22406
5 AV/59 ST,NQRW,04/26/2017,15992
57 ST-7 AV,NQRW,04/26/2017,31112
59 ST,NRW,04/26/2017,17696
8 ST-NYU,NRW,04/26/2017,15009
PRINCE ST,NRW,04/26/2017,12085
RECTOR ST,NRW,04/26/2017,6659
72 ST-2 AVE,Q,04/26/2017,28470
86 ST-2 AVE,Q,04/26/2017,23881
96 ST-2 AVE,Q,04/26/2017,17341
WHITEHALL S-FRY,R1W,04/26/2017,17770
CORTLANDT ST,RNW,04/26/2017,17838
103 ST,1,04/27/2017,12994
116 ST-COLUMBIA,1,04/27/2017,15668
125 ST,1,04/27/2017,7245
137 ST CITY COL,1,04/27/2017,15225
157 ST,1,04/27/2017,10928
18 ST,1,04/27/2017,8207
181 ST,1,04/27/2017,11553
191 ST,1,04/27/2017,8493
207 ST,1,04/27/2017,6559
215 ST,1,04/27/2017,1933
28 ST,1,04/27/2017,14499
50 ST,1,04/27/2017,23105
66 ST-LINCOLN,1,04/27/2017,22139
79 ST,1,04/27/2017,15191
86 ST,1,04/27/2017,18708
CANAL ST,1,04/27/2017,6212
CHRISTOPHER ST,1,04/27/2017,13243
DYCKMAN ST,1,04/27/2017,7266
HOUSTON ST,1,04/27/2017,15216
RECTOR ST,1,04/27/2017,9990
TWENTY THIRD ST,1,04/27/2017,9777
145 ST,3,04/27/2017,3544
HARLEM 148 ST,3,04/27/2017,4095
103 ST,6,04/27/2017,14654
110 ST,6,04/27/2017,12267
116 ST,6,04/27/2017,16470
23 ST,6,04/27/2017,30127
28 ST,6,04/27/2017,22655
33 ST,6,04/27/2017,29891
51 ST,6,04/27/2017,20012
51 ST,6,04/27/2017,20012
68ST-HUNTER CO,6,04/27/2017,26781
96 ST,6,04/27/2017,20163
ASTOR PL,6,04/27/2017,15230
SPRING ST,6,04/27/2017,9545
34 ST-HUDSON YD,7,04/27/2017,8932
116 ST,23,04/27/2017,11926
125 ST,23,04/27/2017,15626
135 ST,23,04/27/2017,14751
CENTRAL PK N110,23,04/27/2017,9467
BOWLING GREEN,45,04/27/2017,31566
WALL ST,45,04/27/2017,21413
72 ST,123,04/27/2017,37663
96 ST,123,04/27/2017,37570
CHAMBERS ST,123,04/27/2017,22932
125 ST,456,04/27/2017,29767
86 ST,456,04/27/2017,42866
TIMES SQ-42 ST,1237ACENQRSW,04/27/2017,71705
59 ST COLUMBUS,1ABCD,04/27/2017,14354
168 ST,1AC,04/27/2017,12808
SOUTH FERRY,1RW,04/27/2017,15145
FULTON ST,2345ACJZ,04/27/2017,62488
PARK PLACE,23ACE,04/27/2017,3730
GRD CNTRL-42 ST,4567S,04/27/2017,149223
BROOKLYN BRIDGE,456JZ,04/27/2017,21663
14 ST-UNION SQ,456LNQRW,04/27/2017,28610
59 ST,456NQRW,04/27/2017,40786
175 ST,A,04/27/2017,13376
181 ST,A,04/27/2017,11767
190 ST,A,04/27/2017,5016
DYCKMAN ST,A,04/27/2017,7020
INWOOD-207 ST,A,04/27/2017,9738
145 ST,ABCD,04/27/2017,24249
W 4 ST-WASH SQ,ABCDEFM,04/27/2017,38224
125 ST,ACBD,04/27/2017,28031
CANAL ST,ACE,04/27/2017,18417
CANAL ST,ACE,04/27/2017,18417
CHAMBERS ST,ACE23,04/27/2017,32600
14 ST,ACEL,04/27/2017,19816
42 ST-PORT AUTH,ACENQRS1237W,04/27/2017,96215
FULTON ST,ACJZ2345,04/27/2017,29830
103 ST,BC,04/27/2017,4816
116 ST,BC,04/27/2017,7438
135 ST,BC,04/27/2017,6282
72 ST,BC,04/27/2017,8589
81 ST-MUSEUM,BC,04/27/2017,12000
96 ST,BC,04/27/2017,9878
CATHEDRAL PKWY,BC,04/27/2017,7616
155 ST,BD,04/27/2017,3747
GRAND ST,BD,04/27/2017,22278
7 AV,BDE,04/27/2017,16608
47-50 STS ROCK,BDFM,04/27/2017,55996
42 ST-BRYANT PK,BDFM7,04/27/2017,38447
34 ST-HERALD SQ,BDFMNQRW,04/27/2017,115125
B'WAY-LAFAYETTE,BDFQ6,04/27/2017,20382
163 ST-AMSTERDM,C,04/27/2017,4667
23 ST,CE,04/27/2017,23701
SPRING ST,CE,04/27/2017,11967
5 AV/53 ST,EM,04/27/2017,26361
57 ST,F,04/27/2017,14117
EAST BROADWAY,F,04/27/2017,13847
LEXINGTON AV/63,F,04/27/2017,19886
DELANCEY/ESSEX,FJMZ,04/27/2017,24731
14 ST,FLM123,04/27/2017,16835
14 ST,FLM123,04/27/2017,16835
6 AV,FLM123,04/27/2017,5220
23 ST,FM,04/27/2017,28585
CANAL ST,JNQRZ6W,04/27/2017,44582
BOWERY,JZ,04/27/2017,3167
BROAD ST,JZ,04/27/2017,7708
CHAMBERS ST,JZ456,04/27/2017,11510
1 AV,L,04/27/2017,19736
3 AV,L,04/27/2017,5313
49 ST,NQRW,04/27/2017,22867
5 AV/59 ST,NQRW,04/27/2017,17096
57 ST-7 AV,NQRW,04/27/2017,31460
59 ST,NRW,04/27/2017,17769
8 ST-NYU,NRW,04/27/2017,14902
PRINCE ST,NRW,04/27/2017,12835
RECTOR ST,NRW,04/27/2017,6974
72 ST-2 AVE,Q,04/27/2017,27764
86 ST-2 AVE,Q,04/27/2017,23522
96 ST-2 AVE,Q,04/27/2017,17353
WHITEHALL S-FRY,R1W,04/27/2017,18892
CORTLANDT ST,RNW,04/27/2017,18742
103 ST,1,04/28/2017,12565
116 ST-COLUMBIA,1,04/28/2017,14806
125 ST,1,04/28/2017,7472
137 ST CITY COL,1,04/28/2017,14279
157 ST,1,04/28/2017,11154
18 ST,1,04/28/2017,8016
181 ST,1,04/28/2017,11523
191 ST,1,04/28/2017,8387
207 ST,1,04/28/2017,6606
215 ST,1,04/28/2017,2058
28 ST,1,04/28/2017,13918
50 ST,1,04/28/2017,22828
66 ST-LINCOLN,1,04/28/2017,20782
79 ST,1,04/28/2017,15408
86 ST,1,04/28/2017,18227
CANAL ST,1,04/28/2017,5799
CHRISTOPHER ST,1,04/28/2017,12822
DYCKMAN ST,1,04/28/2017,7132
HOUSTON ST,1,04/28/2017,13972
RECTOR ST,1,04/28/2017,9850
TWENTY THIRD ST,1,04/28/2017,8569
145 ST,3,04/28/2017,3587
HARLEM 148 ST,3,04/28/2017,4078
103 ST,6,04/28/2017,14651
110 ST,6,04/28/2017,12179
116 ST,6,04/28/2017,16651
23 ST,6,04/28/2017,24926
28 ST,6,04/28/2017,20610
33 ST,6,04/28/2017,28089
51 ST,6,04/28/2017,19467
51 ST,6,04/28/2017,19467
68ST-HUNTER CO,6,04/28/2017,23543
96 ST,6,04/28/2017,19019
ASTOR PL,6,04/28/2017,14663
SPRING ST,6,04/28/2017,10144
34 ST-HUDSON YD,7,04/28/2017,8601
116 ST,23,04/28/2017,11812
125 ST,23,04/28/2017,15895
135 ST,23,04/28/2017,14661
CENTRAL PK N110,23,04/28/2017,9510
BOWLING GREEN,45,04/28/2017,29982
WALL ST,45,04/28/2017,19826
72 ST,123,04/28/2017,38250
96 ST,123,04/28/2017,37267
CHAMBERS ST,123,04/28/2017,21289
125 ST,456,04/28/2017,28955
86 ST,456,04/28/2017,43147
TIMES SQ-42 ST,1237ACENQRSW,04/28/2017,70496
59 ST COLUMBUS,1ABCD,04/28/2017,1569289
168 ST,1AC,04/28/2017,12142
SOUTH FERRY,1RW,04/28/2017,15566
FULTON ST,2345ACJZ,04/28/2017,60152
PARK PLACE,23ACE,04/28/2017,3558
GRD CNTRL-42 ST,4567S,04/28/2017,136642
BROOKLYN BRIDGE,456JZ,04/28/2017,20636
14 ST-UNION SQ,456LNQRW,04/28/2017,29625
59 ST,456NQRW,04/28/2017,40767
175 ST,A,04/28/2017,13310
181 ST,A,04/28/2017,11482
190 ST,A,04/28/2017,4980
DYCKMAN ST,A,04/28/2017,6859
INWOOD-207 ST,A,04/28/2017,9839
145 ST,ABCD,04/28/2017,23536
W 4 ST-WASH SQ,ABCDEFM,04/28/2017,37967
125 ST,ACBD,04/28/2017,28413
CANAL ST,ACE,04/28/2017,17985
CANAL ST,ACE,04/28/2017,17985
CHAMBERS ST,ACE23,04/28/2017,29646
14 ST,ACEL,04/28/2017,19310
42 ST-PORT AUTH,ACENQRS1237W,04/28/2017,91580
FULTON ST,ACJZ2345,04/28/2017,29371
103 ST,BC,04/28/2017,4897
116 ST,BC,04/28/2017,7498
135 ST,BC,04/28/2017,6113
72 ST,BC,04/28/2017,9297
81 ST-MUSEUM,BC,04/28/2017,12737
96 ST,BC,04/28/2017,9891
CATHEDRAL PKWY,BC,04/28/2017,7802
155 ST,BD,04/28/2017,3847
GRAND ST,BD,04/28/2017,22450
7 AV,BDE,04/28/2017,16239
47-50 STS ROCK,BDFM,04/28/2017,53868
42 ST-BRYANT PK,BDFM7,04/28/2017,37771
34 ST-HERALD SQ,BDFMNQRW,04/28/2017,114155
B'WAY-LAFAYETTE,BDFQ6,04/28/2017,20392
163 ST-AMSTERDM,C,04/28/2017,4630
23 ST,CE,04/28/2017,23391
SPRING ST,CE,04/28/2017,11342
5 AV/53 ST,EM,04/28/2017,25391
57 ST,F,04/28/2017,14051
EAST BROADWAY,F,04/28/2017,13563
LEXINGTON AV/63,F,04/28/2017,19132
DELANCEY/ESSEX,FJMZ,04/28/2017,25332
14 ST,FLM123,04/28/2017,16150
14 ST,FLM123,04/28/2017,16150
6 AV,FLM123,04/28/2017,5288
23 ST,FM,04/28/2017,26353
CANAL ST,JNQRZ6W,04/28/2017,46243
BOWERY,JZ,04/28/2017,3229
BROAD ST,JZ,04/28/2017,7129
CHAMBERS ST,JZ456,04/28/2017,10846
1 AV,L,04/28/2017,19266
3 AV,L,04/28/2017,5655
49 ST,NQRW,04/28/2017,22249
5 AV/59 ST,NQRW,04/28/2017,17743
57 ST-7 AV,NQRW,04/28/2017,30167
59 ST,NRW,04/28/2017,17447
8 ST-NYU,NRW,04/28/2017,14550
PRINCE ST,NRW,04/28/2017,13519
RECTOR ST,NRW,04/28/2017,6761
72 ST-2 AVE,Q,04/28/2017,26476
86 ST-2 AVE,Q,04/28/2017,23378
96 ST-2 AVE,Q,04/28/2017,17189
WHITEHALL S-FRY,R1W,04/28/2017,18034
CORTLANDT ST,RNW,04/28/2017,18738
